slot,table_word_va,retail_target,basic_block,conditions,direct_calls,reads,writes,exit
0,0x80070C80,0x800957D0,land_on_node,unconditional,wm_80085158,"sp[0x18] attr, s0 node, scratch 0x60/0x70/0x80, fp[0x74] height","D_8009C16C=sign16(node), D_8009C840=attr, out[4]=fp[0x74]<<12, s5=1, s4=0",terminal return 1
1,0x80070C84,0x80095824,follow_link_p6,"node[+6]==-1 -> fallback; node[node[+6]].type(+0xC)!=1 -> continue loop with s0=node[+6]; type==1 -> redirect",none (case itself),"node[+6], neighbor.type(+0xC)","s0 (walk) or via shared tails",fallback@0x95B28 / continue@0x95C94 / redirect@0x95A14 (952B0 fp+0x30) return 0
2,0x80070C88,0x80095874,follow_link_p8,"node[+8]==-1 -> fallback; neighbor.type!=1 -> continue with s0=node[+8]; type==1 -> redirect",none (case itself),"node[+8], neighbor.type","s0 or via shared tails",fallback@0x95B28 / continue@0x95C94 / redirect@0x95B84 (952B0 fp+0x40) return 0
3,0x80070C8C,0x80095908,pair_p6_p8,"mask=(node[+6]!=-1)|((node[+8]!=-1)<<1); mask 0->fallback; 1->type[+6]-check; 2->type[+8]-check; 3->tie-break on type[a].type==0 / type[b].type!=0",none (case itself),"node[+6], node[+8], both neighbors' type","s0 per sub-case","mask0: fallback@0x95B2C; mask1: redirect 952B0 fp+0x30 (type==1) else continue s0=node[+6]; mask2: redirect 952B0 fp+0x40 (type==1) else continue s0=node[+8]; mask3 sub-switch: v==0 zero-out out vec return 0; v==1/v==3 continue s0=node[+6]; v==2 continue s0=node[+8]"
4,0x80070C90,0x800958C4,follow_link_pA,"node[+0xA]==-1 -> fallback; neighbor.type!=1 -> continue with s0=node[+0xA]; type==1 -> redirect",none (case itself),"node[+0xA], neighbor.type","s0 or via shared tails",fallback@0x95B28 / continue@0x95C94 / redirect@0x95BB8 (952B0 fp+0x50) return 0
5,0x80070C94,0x80095988,pair_p6_pA,"mask=(node[+6]!=-1)|((node[+0xA]!=-1)<<1); same 4-way shape as slot 3",none (case itself),"node[+6], node[+0xA], neighbors' type","s0 per sub-case","mask0: fallback; mask1: redirect 952B0 fp+0x30 or continue; mask2: redirect 952B0 fp+0x50 (via 0x95BA0/0x95BB8) or continue; mask3: v==0 zero-out; v==1/v==3 continue s0=node[+8] (via 0x95C6C/0x95C70); v==2 continue s0=a3"
6,0x80070C98,0x80095AB0,pair_p8_pA,"mask=(node[+8]!=-1)|((node[+0xA]!=-1)<<1); same 4-way shape",none (case itself),"node[+8], node[+0xA], neighbors' type","s0 per sub-case","mask0: fallback@0x95B2C; mask1: redirect 952B0 fp+0x40 (type==1 via 0x95B60->0x95B84) or continue; mask2: redirect 952B0 fp+0x50 or continue; mask3: v==0 zero-out; v==1 continue s0=node[+8]; v==2 continue s0=a3; v==3 -> 0x95BE0 tie-break"
7,0x80070C9C,0x80095C94,loop_tail,unconditional no-op case,none,none,none,"re-dispatch while s4!=0 (bnez s4 -> 0x80095794); s4==0 -> return s5"
OOR,-,0x80095C94,loop_tail,"sltiu s1,8 guard fails (s1>=8)",none,none,none,same as slot 7 (branch, not table read)
