source,classification,matching_mips_byte_verification
pc_port/src/krom_rom.c,RUNTIME_PORT_SOURCE,NOT_APPLICABLE_HOST_ADAPTER_REQUIRES_DIFFERENTIAL_OR_RUNTIME_PROOF
pc_port/src/krom_mapping.c,RUNTIME_PORT_SOURCE,NOT_APPLICABLE_HOST_ADAPTER_REQUIRES_DIFFERENTIAL_OR_RUNTIME_PROOF
pc_port/src/psx_memory.c,RUNTIME_PORT_SOURCE,NOT_APPLICABLE_HOST_ADAPTER_REQUIRES_DIFFERENTIAL_OR_RUNTIME_PROOF
pc_port/src/battle_mips_adapter.c,RUNTIME_PORT_SOURCE,NOT_APPLICABLE_HOST_ADAPTER_REQUIRES_DIFFERENTIAL_OR_RUNTIME_PROOF
pc_port/src/battle_mips_runtime.c,RUNTIME_PORT_SOURCE,NOT_APPLICABLE_HOST_ADAPTER_REQUIRES_DIFFERENTIAL_OR_RUNTIME_PROOF
pc_port/src/guest_prim_link.c,RUNTIME_PORT_SOURCE,NOT_APPLICABLE_HOST_ADAPTER_REQUIRES_DIFFERENTIAL_OR_RUNTIME_PROOF
pc_port/src/model_prim_link.c,RUNTIME_PORT_SOURCE,NOT_APPLICABLE_HOST_ADAPTER_REQUIRES_DIFFERENTIAL_OR_RUNTIME_PROOF
pc_port/src/model_prim_ed20.c,RUNTIME_PORT_SOURCE,NOT_APPLICABLE_HOST_ADAPTER_REQUIRES_DIFFERENTIAL_OR_RUNTIME_PROOF
pc_port/src/test_input.c,RUNTIME_PORT_SOURCE,NOT_APPLICABLE_HOST_ADAPTER_REQUIRES_DIFFERENTIAL_OR_RUNTIME_PROOF
pc_port/src/quick_checkpoint_file.c,RUNTIME_PORT_SOURCE,NOT_APPLICABLE_HOST_ADAPTER_REQUIRES_DIFFERENTIAL_OR_RUNTIME_PROOF
pc_port/src/quick_checkpoint.c,RUNTIME_PORT_SOURCE,NOT_APPLICABLE_HOST_ADAPTER_REQUIRES_DIFFERENTIAL_OR_RUNTIME_PROOF
pc_port/src/field_pos_diag.c,RUNTIME_PORT_SOURCE,NOT_APPLICABLE_HOST_ADAPTER_REQUIRES_DIFFERENTIAL_OR_RUNTIME_PROOF
pc_port/src/field_warp_diag.c,RUNTIME_PORT_SOURCE,NOT_APPLICABLE_HOST_ADAPTER_REQUIRES_DIFFERENTIAL_OR_RUNTIME_PROOF
pc_port/src/game_overrides.c,RUNTIME_PORT_SOURCE,NOT_APPLICABLE_HOST_ADAPTER_REQUIRES_DIFFERENTIAL_OR_RUNTIME_PROOF
pc_port/src/retail_leaf_adapters.c,RUNTIME_PORT_SOURCE,NOT_APPLICABLE_HOST_ADAPTER_REQUIRES_DIFFERENTIAL_OR_RUNTIME_PROOF
pc_port/src/boot_menu.c,RUNTIME_PORT_SOURCE,NOT_APPLICABLE_HOST_ADAPTER_REQUIRES_DIFFERENTIAL_OR_RUNTIME_PROOF
pc_port/src/boot_str.c,RUNTIME_PORT_SOURCE,NOT_APPLICABLE_HOST_ADAPTER_REQUIRES_DIFFERENTIAL_OR_RUNTIME_PROOF
pc_port/src/boot_assets.c,RUNTIME_PORT_SOURCE,NOT_APPLICABLE_HOST_ADAPTER_REQUIRES_DIFFERENTIAL_OR_RUNTIME_PROOF
pc_port/src/boot_sound_banks.c,RUNTIME_PORT_SOURCE,NOT_APPLICABLE_HOST_ADAPTER_REQUIRES_DIFFERENTIAL_OR_RUNTIME_PROOF
pc_port/src/boot_sound_commit.c,RUNTIME_PORT_SOURCE,NOT_APPLICABLE_HOST_ADAPTER_REQUIRES_DIFFERENTIAL_OR_RUNTIME_PROOF
pc_port/src/movie_player.c,RUNTIME_PORT_SOURCE,NOT_APPLICABLE_HOST_ADAPTER_REQUIRES_DIFFERENTIAL_OR_RUNTIME_PROOF
pc_port/src/pc_file_io.c,RUNTIME_PORT_SOURCE,NOT_APPLICABLE_HOST_ADAPTER_REQUIRES_DIFFERENTIAL_OR_RUNTIME_PROOF
pc_port/src/controller_vblank_helpers.c,RUNTIME_PORT_SOURCE,NOT_APPLICABLE_HOST_ADAPTER_REQUIRES_DIFFERENTIAL_OR_RUNTIME_PROOF
pc_port/src/controller_vblank_dispatch.c,RUNTIME_PORT_SOURCE,NOT_APPLICABLE_HOST_ADAPTER_REQUIRES_DIFFERENTIAL_OR_RUNTIME_PROOF
pc_port/src/controller_vblank_service.c,RUNTIME_PORT_SOURCE,NOT_APPLICABLE_HOST_ADAPTER_REQUIRES_DIFFERENTIAL_OR_RUNTIME_PROOF
pc_port/src/field_object_overlay.c,RUNTIME_PORT_SOURCE,NOT_APPLICABLE_HOST_ADAPTER_REQUIRES_DIFFERENTIAL_OR_RUNTIME_PROOF
pc_port/src/field_party_gear.c,RUNTIME_PORT_SOURCE,NOT_APPLICABLE_HOST_ADAPTER_REQUIRES_DIFFERENTIAL_OR_RUNTIME_PROOF
pc_port/src/field_timed_commands.c,RUNTIME_PORT_SOURCE,NOT_APPLICABLE_HOST_ADAPTER_REQUIRES_DIFFERENTIAL_OR_RUNTIME_PROOF
pc_port/src/field_clip_prelude.c,RUNTIME_PORT_SOURCE,NOT_APPLICABLE_HOST_ADAPTER_REQUIRES_DIFFERENTIAL_OR_RUNTIME_PROOF
pc_port/src/field_clip_control.c,RUNTIME_PORT_SOURCE,NOT_APPLICABLE_HOST_ADAPTER_REQUIRES_DIFFERENTIAL_OR_RUNTIME_PROOF
pc_port/src/field_clip_data.c,RUNTIME_PORT_SOURCE,NOT_APPLICABLE_HOST_ADAPTER_REQUIRES_DIFFERENTIAL_OR_RUNTIME_PROOF
pc_port/src/sprite_constructor.c,RUNTIME_PORT_SOURCE,NOT_APPLICABLE_HOST_ADAPTER_REQUIRES_DIFFERENTIAL_OR_RUNTIME_PROOF
pc_port/src/world_map_init.c,RUNTIME_PORT_SOURCE,NOT_APPLICABLE_HOST_ADAPTER_REQUIRES_DIFFERENTIAL_OR_RUNTIME_PROOF
pc_port/src/world_map_frame_driver.c,RUNTIME_PORT_SOURCE,NOT_APPLICABLE_HOST_ADAPTER_REQUIRES_DIFFERENTIAL_OR_RUNTIME_PROOF
pc_port/src/world_map_image_transfer_25044.c,RUNTIME_PORT_SOURCE,NOT_APPLICABLE_HOST_ADAPTER_REQUIRES_DIFFERENTIAL_OR_RUNTIME_PROOF
pc_port/src/world_map_upload_pump_74f2c.c,RUNTIME_PORT_SOURCE,NOT_APPLICABLE_HOST_ADAPTER_REQUIRES_DIFFERENTIAL_OR_RUNTIME_PROOF
pc_port/src/world_map_upload_pump_75104.c,RUNTIME_PORT_SOURCE,NOT_APPLICABLE_HOST_ADAPTER_REQUIRES_DIFFERENTIAL_OR_RUNTIME_PROOF
pc_port/src/world_map_frame_tail_71984.c,RUNTIME_PORT_SOURCE,NOT_APPLICABLE_HOST_ADAPTER_REQUIRES_DIFFERENTIAL_OR_RUNTIME_PROOF
pc_port/src/world_map_ot_adapter.c,RUNTIME_PORT_SOURCE,NOT_APPLICABLE_HOST_ADAPTER_REQUIRES_DIFFERENTIAL_OR_RUNTIME_PROOF
pc_port/src/world_map_frame_driver_712d0.c,RUNTIME_PORT_SOURCE,NOT_APPLICABLE_HOST_ADAPTER_REQUIRES_DIFFERENTIAL_OR_RUNTIME_PROOF
pc_port/src/world_map_pause.c,RUNTIME_PORT_SOURCE,NOT_APPLICABLE_HOST_ADAPTER_REQUIRES_DIFFERENTIAL_OR_RUNTIME_PROOF
pc_port/src/world_map_main_loop_71034.c,RUNTIME_PORT_SOURCE,NOT_APPLICABLE_HOST_ADAPTER_REQUIRES_DIFFERENTIAL_OR_RUNTIME_PROOF
pc_port/src/world_map_terminal_default_71264.c,RUNTIME_PORT_SOURCE,NOT_APPLICABLE_HOST_ADAPTER_REQUIRES_DIFFERENTIAL_OR_RUNTIME_PROOF
pc_port/src/world_map_terminal_one_711b0.c,RUNTIME_PORT_SOURCE,NOT_APPLICABLE_HOST_ADAPTER_REQUIRES_DIFFERENTIAL_OR_RUNTIME_PROOF
pc_port/src/world_map_terminal_zero_710e4.c,RUNTIME_PORT_SOURCE,NOT_APPLICABLE_HOST_ADAPTER_REQUIRES_DIFFERENTIAL_OR_RUNTIME_PROOF
pc_port/src/world_map_teardown_7299c.c,RUNTIME_PORT_SOURCE,NOT_APPLICABLE_HOST_ADAPTER_REQUIRES_DIFFERENTIAL_OR_RUNTIME_PROOF
pc_port/src/world_map_mode811_lifecycle.c,RUNTIME_PORT_SOURCE,NOT_APPLICABLE_HOST_ADAPTER_REQUIRES_DIFFERENTIAL_OR_RUNTIME_PROOF
pc_port/src/world_map_mode9_lifecycle.c,RUNTIME_PORT_SOURCE,NOT_APPLICABLE_HOST_ADAPTER_REQUIRES_DIFFERENTIAL_OR_RUNTIME_PROOF
pc_port/src/world_map_mode10_lifecycle.c,RUNTIME_PORT_SOURCE,NOT_APPLICABLE_HOST_ADAPTER_REQUIRES_DIFFERENTIAL_OR_RUNTIME_PROOF
pc_port/src/world_map_mode12_lifecycle.c,RUNTIME_PORT_SOURCE,NOT_APPLICABLE_HOST_ADAPTER_REQUIRES_DIFFERENTIAL_OR_RUNTIME_PROOF
pc_port/src/world_map_mode13_lifecycle.c,RUNTIME_PORT_SOURCE,NOT_APPLICABLE_HOST_ADAPTER_REQUIRES_DIFFERENTIAL_OR_RUNTIME_PROOF
pc_port/src/world_map_mode14_lifecycle.c,RUNTIME_PORT_SOURCE,NOT_APPLICABLE_HOST_ADAPTER_REQUIRES_DIFFERENTIAL_OR_RUNTIME_PROOF
pc_port/src/world_map_mode15_lifecycle.c,RUNTIME_PORT_SOURCE,NOT_APPLICABLE_HOST_ADAPTER_REQUIRES_DIFFERENTIAL_OR_RUNTIME_PROOF
pc_port/src/world_map_mode16_lifecycle.c,RUNTIME_PORT_SOURCE,NOT_APPLICABLE_HOST_ADAPTER_REQUIRES_DIFFERENTIAL_OR_RUNTIME_PROOF
pc_port/src/world_map_mode17_lifecycle.c,RUNTIME_PORT_SOURCE,NOT_APPLICABLE_HOST_ADAPTER_REQUIRES_DIFFERENTIAL_OR_RUNTIME_PROOF
pc_port/src/world_map_mode18_lifecycle.c,RUNTIME_PORT_SOURCE,NOT_APPLICABLE_HOST_ADAPTER_REQUIRES_DIFFERENTIAL_OR_RUNTIME_PROOF
pc_port/src/world_map_capture.c,RUNTIME_PORT_SOURCE,NOT_APPLICABLE_HOST_ADAPTER_REQUIRES_DIFFERENTIAL_OR_RUNTIME_PROOF
pc_port/src/world_map_gamestate_alias.c,RUNTIME_PORT_SOURCE,NOT_APPLICABLE_HOST_ADAPTER_REQUIRES_DIFFERENTIAL_OR_RUNTIME_PROOF
pc_port/src/world_map_selector.c,RUNTIME_PORT_SOURCE,NOT_APPLICABLE_HOST_ADAPTER_REQUIRES_DIFFERENTIAL_OR_RUNTIME_PROOF
pc_port/src/psyq_cd_mix.c,RUNTIME_PORT_SOURCE,NOT_APPLICABLE_HOST_ADAPTER_REQUIRES_DIFFERENTIAL_OR_RUNTIME_PROOF
pc_port/src/psyq_compat.c,RUNTIME_PORT_SOURCE,NOT_APPLICABLE_HOST_ADAPTER_REQUIRES_DIFFERENTIAL_OR_RUNTIME_PROOF
pc_port/src/archive_port.c,RUNTIME_PORT_SOURCE,NOT_APPLICABLE_HOST_ADAPTER_REQUIRES_DIFFERENTIAL_OR_RUNTIME_PROOF
pc_port/src/work_list_port.c,RUNTIME_PORT_SOURCE,NOT_APPLICABLE_HOST_ADAPTER_REQUIRES_DIFFERENTIAL_OR_RUNTIME_PROOF
pc_port/src/sound_transfer_callbacks.c,RUNTIME_PORT_SOURCE,NOT_APPLICABLE_HOST_ADAPTER_REQUIRES_DIFFERENTIAL_OR_RUNTIME_PROOF
pc_port/src/data_published_logo.c,RUNTIME_PORT_SOURCE,NOT_APPLICABLE_HOST_ADAPTER_REQUIRES_DIFFERENTIAL_OR_RUNTIME_PROOF
pc_port/src/data_font.c,RUNTIME_PORT_SOURCE,NOT_APPLICABLE_HOST_ADAPTER_REQUIRES_DIFFERENTIAL_OR_RUNTIME_PROOF
pc_port/src/data_kernel_menu.c,RUNTIME_PORT_SOURCE,NOT_APPLICABLE_HOST_ADAPTER_REQUIRES_DIFFERENTIAL_OR_RUNTIME_PROOF
pc_port/src/data_field.c,RUNTIME_PORT_SOURCE,NOT_APPLICABLE_HOST_ADAPTER_REQUIRES_DIFFERENTIAL_OR_RUNTIME_PROOF
pc_port/src/data_member_change_menu.c,RUNTIME_PORT_SOURCE,NOT_APPLICABLE_HOST_ADAPTER_REQUIRES_DIFFERENTIAL_OR_RUNTIME_PROOF
pc_port/src/data_main_menu.c,RUNTIME_PORT_SOURCE,NOT_APPLICABLE_HOST_ADAPTER_REQUIRES_DIFFERENTIAL_OR_RUNTIME_PROOF
pc_port/src/data_game_state.c,RUNTIME_PORT_SOURCE,NOT_APPLICABLE_HOST_ADAPTER_REQUIRES_DIFFERENTIAL_OR_RUNTIME_PROOF
pc_port/src/data_controller.c,RUNTIME_PORT_SOURCE,NOT_APPLICABLE_HOST_ADAPTER_REQUIRES_DIFFERENTIAL_OR_RUNTIME_PROOF
pc_port/src/data_heap.c,RUNTIME_PORT_SOURCE,NOT_APPLICABLE_HOST_ADAPTER_REQUIRES_DIFFERENTIAL_OR_RUNTIME_PROOF
pc_port/src/data_boot_globals.c,RUNTIME_PORT_SOURCE,NOT_APPLICABLE_HOST_ADAPTER_REQUIRES_DIFFERENTIAL_OR_RUNTIME_PROOF
pc_port/src/world_map_convergence.c,RUNTIME_PORT_SOURCE,NOT_APPLICABLE_HOST_ADAPTER_REQUIRES_DIFFERENTIAL_OR_RUNTIME_PROOF
pc_port/src/world_map_framebuffer_init.c,RUNTIME_PORT_SOURCE,NOT_APPLICABLE_HOST_ADAPTER_REQUIRES_DIFFERENTIAL_OR_RUNTIME_PROOF
pc_port/src/world_map_terrain_init.c,RUNTIME_PORT_SOURCE,NOT_APPLICABLE_HOST_ADAPTER_REQUIRES_DIFFERENTIAL_OR_RUNTIME_PROOF
pc_port/src/world_map_terrain_cell.c,RUNTIME_PORT_SOURCE,NOT_APPLICABLE_HOST_ADAPTER_REQUIRES_DIFFERENTIAL_OR_RUNTIME_PROOF
pc_port/src/world_map_plane_solver.c,RUNTIME_PORT_SOURCE,NOT_APPLICABLE_HOST_ADAPTER_REQUIRES_DIFFERENTIAL_OR_RUNTIME_PROOF
pc_port/src/world_map_terrain_normal.c,RUNTIME_PORT_SOURCE,NOT_APPLICABLE_HOST_ADAPTER_REQUIRES_DIFFERENTIAL_OR_RUNTIME_PROOF
pc_port/src/world_map_terrain_sampler.c,RUNTIME_PORT_SOURCE,NOT_APPLICABLE_HOST_ADAPTER_REQUIRES_DIFFERENTIAL_OR_RUNTIME_PROOF
pc_port/src/world_map_common_tail.c,RUNTIME_PORT_SOURCE,NOT_APPLICABLE_HOST_ADAPTER_REQUIRES_DIFFERENTIAL_OR_RUNTIME_PROOF
pc_port/src/world_map_scheduler.c,RUNTIME_PORT_SOURCE,NOT_APPLICABLE_HOST_ADAPTER_REQUIRES_DIFFERENTIAL_OR_RUNTIME_PROOF
pc_port/src/world_map_callback_923a8.c,RUNTIME_PORT_SOURCE,NOT_APPLICABLE_HOST_ADAPTER_REQUIRES_DIFFERENTIAL_OR_RUNTIME_PROOF
pc_port/src/world_map_callback_925a0.c,RUNTIME_PORT_SOURCE,NOT_APPLICABLE_HOST_ADAPTER_REQUIRES_DIFFERENTIAL_OR_RUNTIME_PROOF
pc_port/src/world_map_callback_8a2c8.c,RUNTIME_PORT_SOURCE,NOT_APPLICABLE_HOST_ADAPTER_REQUIRES_DIFFERENTIAL_OR_RUNTIME_PROOF
pc_port/src/world_map_callback_8b2bc.c,RUNTIME_PORT_SOURCE,NOT_APPLICABLE_HOST_ADAPTER_REQUIRES_DIFFERENTIAL_OR_RUNTIME_PROOF
pc_port/src/world_map_callback_8bb40.c,RUNTIME_PORT_SOURCE,NOT_APPLICABLE_HOST_ADAPTER_REQUIRES_DIFFERENTIAL_OR_RUNTIME_PROOF
pc_port/src/world_map_callback_8c530.c,RUNTIME_PORT_SOURCE,NOT_APPLICABLE_HOST_ADAPTER_REQUIRES_DIFFERENTIAL_OR_RUNTIME_PROOF
pc_port/src/world_map_callback_8d3f0.c,RUNTIME_PORT_SOURCE,NOT_APPLICABLE_HOST_ADAPTER_REQUIRES_DIFFERENTIAL_OR_RUNTIME_PROOF
pc_port/src/world_map_callback_8dd6c.c,RUNTIME_PORT_SOURCE,NOT_APPLICABLE_HOST_ADAPTER_REQUIRES_DIFFERENTIAL_OR_RUNTIME_PROOF
pc_port/src/world_map_callback_8e190.c,RUNTIME_PORT_SOURCE,NOT_APPLICABLE_HOST_ADAPTER_REQUIRES_DIFFERENTIAL_OR_RUNTIME_PROOF
pc_port/src/world_map_callback_906e0.c,RUNTIME_PORT_SOURCE,NOT_APPLICABLE_HOST_ADAPTER_REQUIRES_DIFFERENTIAL_OR_RUNTIME_PROOF
pc_port/src/world_map_callback_91430.c,RUNTIME_PORT_SOURCE,NOT_APPLICABLE_HOST_ADAPTER_REQUIRES_DIFFERENTIAL_OR_RUNTIME_PROOF
pc_port/src/world_map_callback_91b54.c,RUNTIME_PORT_SOURCE,NOT_APPLICABLE_HOST_ADAPTER_REQUIRES_DIFFERENTIAL_OR_RUNTIME_PROOF
pc_port/src/world_map_callback_92234.c,RUNTIME_PORT_SOURCE,NOT_APPLICABLE_HOST_ADAPTER_REQUIRES_DIFFERENTIAL_OR_RUNTIME_PROOF
pc_port/src/world_map_callback_92be4.c,RUNTIME_PORT_SOURCE,NOT_APPLICABLE_HOST_ADAPTER_REQUIRES_DIFFERENTIAL_OR_RUNTIME_PROOF
pc_port/src/world_map_callback_92df8.c,RUNTIME_PORT_SOURCE,NOT_APPLICABLE_HOST_ADAPTER_REQUIRES_DIFFERENTIAL_OR_RUNTIME_PROOF
pc_port/src/world_map_callback_71a50.c,RUNTIME_PORT_SOURCE,NOT_APPLICABLE_HOST_ADAPTER_REQUIRES_DIFFERENTIAL_OR_RUNTIME_PROOF
pc_port/src/world_map_callback_87710.c,RUNTIME_PORT_SOURCE,NOT_APPLICABLE_HOST_ADAPTER_REQUIRES_DIFFERENTIAL_OR_RUNTIME_PROOF
pc_port/src/world_map_callback_87734.c,RUNTIME_PORT_SOURCE,NOT_APPLICABLE_HOST_ADAPTER_REQUIRES_DIFFERENTIAL_OR_RUNTIME_PROOF
pc_port/src/world_map_callback_7756c.c,RUNTIME_PORT_SOURCE,NOT_APPLICABLE_HOST_ADAPTER_REQUIRES_DIFFERENTIAL_OR_RUNTIME_PROOF
pc_port/src/world_map_callback_76a14.c,RUNTIME_PORT_SOURCE,NOT_APPLICABLE_HOST_ADAPTER_REQUIRES_DIFFERENTIAL_OR_RUNTIME_PROOF
pc_port/src/world_map_callback_78948.c,RUNTIME_PORT_SOURCE,NOT_APPLICABLE_HOST_ADAPTER_REQUIRES_DIFFERENTIAL_OR_RUNTIME_PROOF
pc_port/src/world_map_callback_77dc8.c,RUNTIME_PORT_SOURCE,NOT_APPLICABLE_HOST_ADAPTER_REQUIRES_DIFFERENTIAL_OR_RUNTIME_PROOF
pc_port/src/world_map_callback_78e2c.c,RUNTIME_PORT_SOURCE,NOT_APPLICABLE_HOST_ADAPTER_REQUIRES_DIFFERENTIAL_OR_RUNTIME_PROOF
pc_port/src/world_map_callback_794d8.c,RUNTIME_PORT_SOURCE,NOT_APPLICABLE_HOST_ADAPTER_REQUIRES_DIFFERENTIAL_OR_RUNTIME_PROOF
pc_port/src/world_map_callback_795e4.c,RUNTIME_PORT_SOURCE,NOT_APPLICABLE_HOST_ADAPTER_REQUIRES_DIFFERENTIAL_OR_RUNTIME_PROOF
pc_port/src/world_map_callback_7a144.c,RUNTIME_PORT_SOURCE,NOT_APPLICABLE_HOST_ADAPTER_REQUIRES_DIFFERENTIAL_OR_RUNTIME_PROOF
pc_port/src/world_map_callback_7a9b4.c,RUNTIME_PORT_SOURCE,NOT_APPLICABLE_HOST_ADAPTER_REQUIRES_DIFFERENTIAL_OR_RUNTIME_PROOF
pc_port/src/world_map_callback_7ad34.c,RUNTIME_PORT_SOURCE,NOT_APPLICABLE_HOST_ADAPTER_REQUIRES_DIFFERENTIAL_OR_RUNTIME_PROOF
pc_port/src/world_map_callback_7b200.c,RUNTIME_PORT_SOURCE,NOT_APPLICABLE_HOST_ADAPTER_REQUIRES_DIFFERENTIAL_OR_RUNTIME_PROOF
pc_port/src/world_map_callback_7b604.c,RUNTIME_PORT_SOURCE,NOT_APPLICABLE_HOST_ADAPTER_REQUIRES_DIFFERENTIAL_OR_RUNTIME_PROOF
pc_port/src/world_map_callback_7ba08.c,RUNTIME_PORT_SOURCE,NOT_APPLICABLE_HOST_ADAPTER_REQUIRES_DIFFERENTIAL_OR_RUNTIME_PROOF
pc_port/src/world_map_callback_7bb60.c,RUNTIME_PORT_SOURCE,NOT_APPLICABLE_HOST_ADAPTER_REQUIRES_DIFFERENTIAL_OR_RUNTIME_PROOF
pc_port/src/world_map_callback_7c36c.c,RUNTIME_PORT_SOURCE,NOT_APPLICABLE_HOST_ADAPTER_REQUIRES_DIFFERENTIAL_OR_RUNTIME_PROOF
pc_port/src/world_map_callback_7c724.c,RUNTIME_PORT_SOURCE,NOT_APPLICABLE_HOST_ADAPTER_REQUIRES_DIFFERENTIAL_OR_RUNTIME_PROOF
pc_port/src/world_map_callback_7de14.c,RUNTIME_PORT_SOURCE,NOT_APPLICABLE_HOST_ADAPTER_REQUIRES_DIFFERENTIAL_OR_RUNTIME_PROOF
pc_port/src/world_map_callback_7e450.c,RUNTIME_PORT_SOURCE,NOT_APPLICABLE_HOST_ADAPTER_REQUIRES_DIFFERENTIAL_OR_RUNTIME_PROOF
pc_port/src/world_map_callback_7eca4.c,RUNTIME_PORT_SOURCE,NOT_APPLICABLE_HOST_ADAPTER_REQUIRES_DIFFERENTIAL_OR_RUNTIME_PROOF
pc_port/src/world_map_callback_7f8ac.c,RUNTIME_PORT_SOURCE,NOT_APPLICABLE_HOST_ADAPTER_REQUIRES_DIFFERENTIAL_OR_RUNTIME_PROOF
pc_port/src/world_map_callback_7fc8c.c,RUNTIME_PORT_SOURCE,NOT_APPLICABLE_HOST_ADAPTER_REQUIRES_DIFFERENTIAL_OR_RUNTIME_PROOF
pc_port/src/world_map_callback_8032c.c,RUNTIME_PORT_SOURCE,NOT_APPLICABLE_HOST_ADAPTER_REQUIRES_DIFFERENTIAL_OR_RUNTIME_PROOF
pc_port/src/world_map_callback_80578.c,RUNTIME_PORT_SOURCE,NOT_APPLICABLE_HOST_ADAPTER_REQUIRES_DIFFERENTIAL_OR_RUNTIME_PROOF
pc_port/src/world_map_callback_80900.c,RUNTIME_PORT_SOURCE,NOT_APPLICABLE_HOST_ADAPTER_REQUIRES_DIFFERENTIAL_OR_RUNTIME_PROOF
pc_port/src/world_map_callback_80a28.c,RUNTIME_PORT_SOURCE,NOT_APPLICABLE_HOST_ADAPTER_REQUIRES_DIFFERENTIAL_OR_RUNTIME_PROOF
pc_port/src/world_map_callback_81174.c,RUNTIME_PORT_SOURCE,NOT_APPLICABLE_HOST_ADAPTER_REQUIRES_DIFFERENTIAL_OR_RUNTIME_PROOF
pc_port/src/world_map_callback_813e8.c,RUNTIME_PORT_SOURCE,NOT_APPLICABLE_HOST_ADAPTER_REQUIRES_DIFFERENTIAL_OR_RUNTIME_PROOF
pc_port/src/world_map_callback_817a0.c,RUNTIME_PORT_SOURCE,NOT_APPLICABLE_HOST_ADAPTER_REQUIRES_DIFFERENTIAL_OR_RUNTIME_PROOF
pc_port/src/world_map_callback_819c8.c,RUNTIME_PORT_SOURCE,NOT_APPLICABLE_HOST_ADAPTER_REQUIRES_DIFFERENTIAL_OR_RUNTIME_PROOF
pc_port/src/world_map_callback_81c3c.c,RUNTIME_PORT_SOURCE,NOT_APPLICABLE_HOST_ADAPTER_REQUIRES_DIFFERENTIAL_OR_RUNTIME_PROOF
pc_port/src/world_map_callback_81fb4.c,RUNTIME_PORT_SOURCE,NOT_APPLICABLE_HOST_ADAPTER_REQUIRES_DIFFERENTIAL_OR_RUNTIME_PROOF
pc_port/src/world_map_callback_827c8.c,RUNTIME_PORT_SOURCE,NOT_APPLICABLE_HOST_ADAPTER_REQUIRES_DIFFERENTIAL_OR_RUNTIME_PROOF
pc_port/src/world_map_callback_827ec.c,RUNTIME_PORT_SOURCE,NOT_APPLICABLE_HOST_ADAPTER_REQUIRES_DIFFERENTIAL_OR_RUNTIME_PROOF
pc_port/src/world_map_callback_83214.c,RUNTIME_PORT_SOURCE,NOT_APPLICABLE_HOST_ADAPTER_REQUIRES_DIFFERENTIAL_OR_RUNTIME_PROOF
pc_port/src/world_map_callback_834d0.c,RUNTIME_PORT_SOURCE,NOT_APPLICABLE_HOST_ADAPTER_REQUIRES_DIFFERENTIAL_OR_RUNTIME_PROOF
pc_port/src/world_map_callback_838e8.c,RUNTIME_PORT_SOURCE,NOT_APPLICABLE_HOST_ADAPTER_REQUIRES_DIFFERENTIAL_OR_RUNTIME_PROOF
pc_port/src/world_map_callback_83a00.c,RUNTIME_PORT_SOURCE,NOT_APPLICABLE_HOST_ADAPTER_REQUIRES_DIFFERENTIAL_OR_RUNTIME_PROOF
pc_port/src/world_map_callback_84068.c,RUNTIME_PORT_SOURCE,NOT_APPLICABLE_HOST_ADAPTER_REQUIRES_DIFFERENTIAL_OR_RUNTIME_PROOF
pc_port/src/world_map_cold_defaults.c,RUNTIME_PORT_SOURCE,NOT_APPLICABLE_HOST_ADAPTER_REQUIRES_DIFFERENTIAL_OR_RUNTIME_PROOF
pc_port/src/world_map_mode_selector_73300.c,RUNTIME_PORT_SOURCE,NOT_APPLICABLE_HOST_ADAPTER_REQUIRES_DIFFERENTIAL_OR_RUNTIME_PROOF
pc_port/src/psyq_normal_light_col.c,RUNTIME_PORT_SOURCE,NOT_APPLICABLE_HOST_ADAPTER_REQUIRES_DIFFERENTIAL_OR_RUNTIME_PROOF
pc_port/src/psyq_spu_noise_clock.c,RUNTIME_PORT_SOURCE,NOT_APPLICABLE_HOST_ADAPTER_REQUIRES_DIFFERENTIAL_OR_RUNTIME_PROOF
pc_port/src/world_map_callback_7cc6c.c,RUNTIME_PORT_SOURCE,NOT_APPLICABLE_HOST_ADAPTER_REQUIRES_DIFFERENTIAL_OR_RUNTIME_PROOF
pc_port/src/world_map_callback_7ce84.c,RUNTIME_PORT_SOURCE,NOT_APPLICABLE_HOST_ADAPTER_REQUIRES_DIFFERENTIAL_OR_RUNTIME_PROOF
pc_port/src/world_map_callback_7d078.c,RUNTIME_PORT_SOURCE,NOT_APPLICABLE_HOST_ADAPTER_REQUIRES_DIFFERENTIAL_OR_RUNTIME_PROOF
pc_port/src/world_map_callback_7d228.c,RUNTIME_PORT_SOURCE,NOT_APPLICABLE_HOST_ADAPTER_REQUIRES_DIFFERENTIAL_OR_RUNTIME_PROOF
pc_port/src/world_map_callback_7d414.c,RUNTIME_PORT_SOURCE,NOT_APPLICABLE_HOST_ADAPTER_REQUIRES_DIFFERENTIAL_OR_RUNTIME_PROOF
pc_port/src/world_map_callback_7d600.c,RUNTIME_PORT_SOURCE,NOT_APPLICABLE_HOST_ADAPTER_REQUIRES_DIFFERENTIAL_OR_RUNTIME_PROOF
pc_port/src/world_map_callback_7d774.c,RUNTIME_PORT_SOURCE,NOT_APPLICABLE_HOST_ADAPTER_REQUIRES_DIFFERENTIAL_OR_RUNTIME_PROOF
pc_port/src/world_map_callback_8a72c.c,RUNTIME_PORT_SOURCE,NOT_APPLICABLE_HOST_ADAPTER_REQUIRES_DIFFERENTIAL_OR_RUNTIME_PROOF
pc_port/src/world_map_callback_8b644.c,RUNTIME_PORT_SOURCE,NOT_APPLICABLE_HOST_ADAPTER_REQUIRES_DIFFERENTIAL_OR_RUNTIME_PROOF
pc_port/src/world_map_callback_8c844.c,RUNTIME_PORT_SOURCE,NOT_APPLICABLE_HOST_ADAPTER_REQUIRES_DIFFERENTIAL_OR_RUNTIME_PROOF
pc_port/src/world_map_callback_8d678.c,RUNTIME_PORT_SOURCE,NOT_APPLICABLE_HOST_ADAPTER_REQUIRES_DIFFERENTIAL_OR_RUNTIME_PROOF
pc_port/src/world_map_callback_8e76c.c,RUNTIME_PORT_SOURCE,NOT_APPLICABLE_HOST_ADAPTER_REQUIRES_DIFFERENTIAL_OR_RUNTIME_PROOF
pc_port/src/world_map_state01_8eb30.c,RUNTIME_PORT_SOURCE,NOT_APPLICABLE_HOST_ADAPTER_REQUIRES_DIFFERENTIAL_OR_RUNTIME_PROOF
pc_port/src/world_map_state2_8eb64.c,RUNTIME_PORT_SOURCE,NOT_APPLICABLE_HOST_ADAPTER_REQUIRES_DIFFERENTIAL_OR_RUNTIME_PROOF
pc_port/src/world_map_vehicle_tail_90620.c,RUNTIME_PORT_SOURCE,NOT_APPLICABLE_HOST_ADAPTER_REQUIRES_DIFFERENTIAL_OR_RUNTIME_PROOF
pc_port/src/world_map_callback_914d0.c,RUNTIME_PORT_SOURCE,NOT_APPLICABLE_HOST_ADAPTER_REQUIRES_DIFFERENTIAL_OR_RUNTIME_PROOF
pc_port/src/world_map_callback_91c18.c,RUNTIME_PORT_SOURCE,NOT_APPLICABLE_HOST_ADAPTER_REQUIRES_DIFFERENTIAL_OR_RUNTIME_PROOF
pc_port/src/world_map_callback_922ac.c,RUNTIME_PORT_SOURCE,NOT_APPLICABLE_HOST_ADAPTER_REQUIRES_DIFFERENTIAL_OR_RUNTIME_PROOF
pc_port/src/world_map_callback_92c70.c,RUNTIME_PORT_SOURCE,NOT_APPLICABLE_HOST_ADAPTER_REQUIRES_DIFFERENTIAL_OR_RUNTIME_PROOF
pc_port/src/world_map_callback_92fd8.c,RUNTIME_PORT_SOURCE,NOT_APPLICABLE_HOST_ADAPTER_REQUIRES_DIFFERENTIAL_OR_RUNTIME_PROOF
pc_port/src/world_map_r4world_71a58.c,RUNTIME_PORT_SOURCE,NOT_APPLICABLE_HOST_ADAPTER_REQUIRES_DIFFERENTIAL_OR_RUNTIME_PROOF
pc_port/src/world_map_helper_8bfd4.c,RUNTIME_PORT_SOURCE,NOT_APPLICABLE_HOST_ADAPTER_REQUIRES_DIFFERENTIAL_OR_RUNTIME_PROOF
pc_port/src/world_map_helper_8e078.c,RUNTIME_PORT_SOURCE,NOT_APPLICABLE_HOST_ADAPTER_REQUIRES_DIFFERENTIAL_OR_RUNTIME_PROOF
pc_port/src/world_map_helper_8e0f0.c,RUNTIME_PORT_SOURCE,NOT_APPLICABLE_HOST_ADAPTER_REQUIRES_DIFFERENTIAL_OR_RUNTIME_PROOF
pc_port/src/world_map_helper_90c68.c,RUNTIME_PORT_SOURCE,NOT_APPLICABLE_HOST_ADAPTER_REQUIRES_DIFFERENTIAL_OR_RUNTIME_PROOF
pc_port/src/world_map_helper_90e14.c,RUNTIME_PORT_SOURCE,NOT_APPLICABLE_HOST_ADAPTER_REQUIRES_DIFFERENTIAL_OR_RUNTIME_PROOF
pc_port/src/world_map_helper_907f4.c,RUNTIME_PORT_SOURCE,NOT_APPLICABLE_HOST_ADAPTER_REQUIRES_DIFFERENTIAL_OR_RUNTIME_PROOF
pc_port/src/world_map_helper_90fb4.c,RUNTIME_PORT_SOURCE,NOT_APPLICABLE_HOST_ADAPTER_REQUIRES_DIFFERENTIAL_OR_RUNTIME_PROOF
pc_port/src/world_map_helper_91ff8.c,RUNTIME_PORT_SOURCE,NOT_APPLICABLE_HOST_ADAPTER_REQUIRES_DIFFERENTIAL_OR_RUNTIME_PROOF
pc_port/src/world_map_helper_3101c.c,RUNTIME_PORT_SOURCE,NOT_APPLICABLE_HOST_ADAPTER_REQUIRES_DIFFERENTIAL_OR_RUNTIME_PROOF
pc_port/src/world_map_helper_93484.c,RUNTIME_PORT_SOURCE,NOT_APPLICABLE_HOST_ADAPTER_REQUIRES_DIFFERENTIAL_OR_RUNTIME_PROOF
pc_port/src/world_map_helper_96f18.c,RUNTIME_PORT_SOURCE,NOT_APPLICABLE_HOST_ADAPTER_REQUIRES_DIFFERENTIAL_OR_RUNTIME_PROOF
pc_port/src/world_map_helper_93a5c.c,RUNTIME_PORT_SOURCE,NOT_APPLICABLE_HOST_ADAPTER_REQUIRES_DIFFERENTIAL_OR_RUNTIME_PROOF
pc_port/src/world_map_helper_95cd4.c,RUNTIME_PORT_SOURCE,NOT_APPLICABLE_HOST_ADAPTER_REQUIRES_DIFFERENTIAL_OR_RUNTIME_PROOF
pc_port/src/world_map_helper_9623c.c,RUNTIME_PORT_SOURCE,NOT_APPLICABLE_HOST_ADAPTER_REQUIRES_DIFFERENTIAL_OR_RUNTIME_PROOF
pc_port/src/world_map_helper_983a0.c,RUNTIME_PORT_SOURCE,NOT_APPLICABLE_HOST_ADAPTER_REQUIRES_DIFFERENTIAL_OR_RUNTIME_PROOF
pc_port/src/world_map_helper_987ac.c,RUNTIME_PORT_SOURCE,NOT_APPLICABLE_HOST_ADAPTER_REQUIRES_DIFFERENTIAL_OR_RUNTIME_PROOF
pc_port/src/world_map_helper_9980c.c,RUNTIME_PORT_SOURCE,NOT_APPLICABLE_HOST_ADAPTER_REQUIRES_DIFFERENTIAL_OR_RUNTIME_PROOF
pc_port/src/world_map_helper_96328.c,RUNTIME_PORT_SOURCE,NOT_APPLICABLE_HOST_ADAPTER_REQUIRES_DIFFERENTIAL_OR_RUNTIME_PROOF
pc_port/src/world_map_helper_97dc0.c,RUNTIME_PORT_SOURCE,NOT_APPLICABLE_HOST_ADAPTER_REQUIRES_DIFFERENTIAL_OR_RUNTIME_PROOF
pc_port/src/world_map_helper_980d4.c,RUNTIME_PORT_SOURCE,NOT_APPLICABLE_HOST_ADAPTER_REQUIRES_DIFFERENTIAL_OR_RUNTIME_PROOF
pc_port/src/world_map_helper_73398.c,RUNTIME_PORT_SOURCE,NOT_APPLICABLE_HOST_ADAPTER_REQUIRES_DIFFERENTIAL_OR_RUNTIME_PROOF
pc_port/src/world_map_helper_73448.c,RUNTIME_PORT_SOURCE,NOT_APPLICABLE_HOST_ADAPTER_REQUIRES_DIFFERENTIAL_OR_RUNTIME_PROOF
pc_port/src/world_map_helper_72db4.c,RUNTIME_PORT_SOURCE,NOT_APPLICABLE_HOST_ADAPTER_REQUIRES_DIFFERENTIAL_OR_RUNTIME_PROOF
pc_port/src/world_map_helper_76858.c,RUNTIME_PORT_SOURCE,NOT_APPLICABLE_HOST_ADAPTER_REQUIRES_DIFFERENTIAL_OR_RUNTIME_PROOF
pc_port/src/world_map_helper_76954.c,RUNTIME_PORT_SOURCE,NOT_APPLICABLE_HOST_ADAPTER_REQUIRES_DIFFERENTIAL_OR_RUNTIME_PROOF
pc_port/src/world_map_helper_97070.c,RUNTIME_PORT_SOURCE,NOT_APPLICABLE_HOST_ADAPTER_REQUIRES_DIFFERENTIAL_OR_RUNTIME_PROOF
pc_port/src/world_map_helper_94154.c,RUNTIME_PORT_SOURCE,NOT_APPLICABLE_HOST_ADAPTER_REQUIRES_DIFFERENTIAL_OR_RUNTIME_PROOF
pc_port/src/world_map_helper_7565c.c,RUNTIME_PORT_SOURCE,NOT_APPLICABLE_HOST_ADAPTER_REQUIRES_DIFFERENTIAL_OR_RUNTIME_PROOF
pc_port/src/world_map_helper_75d4c.c,RUNTIME_PORT_SOURCE,NOT_APPLICABLE_HOST_ADAPTER_REQUIRES_DIFFERENTIAL_OR_RUNTIME_PROOF
pc_port/src/world_map_helper_75e7c.c,RUNTIME_PORT_SOURCE,NOT_APPLICABLE_HOST_ADAPTER_REQUIRES_DIFFERENTIAL_OR_RUNTIME_PROOF
pc_port/src/world_map_helper_762fc.c,RUNTIME_PORT_SOURCE,NOT_APPLICABLE_HOST_ADAPTER_REQUIRES_DIFFERENTIAL_OR_RUNTIME_PROOF
pc_port/src/world_map_helper_86124.c,RUNTIME_PORT_SOURCE,NOT_APPLICABLE_HOST_ADAPTER_REQUIRES_DIFFERENTIAL_OR_RUNTIME_PROOF
pc_port/src/world_map_helper_71fec.c,RUNTIME_PORT_SOURCE,NOT_APPLICABLE_HOST_ADAPTER_REQUIRES_DIFFERENTIAL_OR_RUNTIME_PROOF
pc_port/src/world_map_menu_lifecycle.c,RUNTIME_PORT_SOURCE,NOT_APPLICABLE_HOST_ADAPTER_REQUIRES_DIFFERENTIAL_OR_RUNTIME_PROOF
pc_port/src/world_map_session_setup_72238.c,RUNTIME_PORT_SOURCE,NOT_APPLICABLE_HOST_ADAPTER_REQUIRES_DIFFERENTIAL_OR_RUNTIME_PROOF
pc_port/src/world_map_helper_96130.c,RUNTIME_PORT_SOURCE,NOT_APPLICABLE_HOST_ADAPTER_REQUIRES_DIFFERENTIAL_OR_RUNTIME_PROOF
pc_port/src/world_map_helper_966cc.c,RUNTIME_PORT_SOURCE,NOT_APPLICABLE_HOST_ADAPTER_REQUIRES_DIFFERENTIAL_OR_RUNTIME_PROOF
pc_port/src/world_map_helper_737ec.c,RUNTIME_PORT_SOURCE,NOT_APPLICABLE_HOST_ADAPTER_REQUIRES_DIFFERENTIAL_OR_RUNTIME_PROOF
pc_port/src/world_map_helper_747dc.c,RUNTIME_PORT_SOURCE,NOT_APPLICABLE_HOST_ADAPTER_REQUIRES_DIFFERENTIAL_OR_RUNTIME_PROOF
pc_port/src/world_map_helper_740b8.c,RUNTIME_PORT_SOURCE,NOT_APPLICABLE_HOST_ADAPTER_REQUIRES_DIFFERENTIAL_OR_RUNTIME_PROOF
pc_port/src/world_map_helper_97244.c,RUNTIME_PORT_SOURCE,NOT_APPLICABLE_HOST_ADAPTER_REQUIRES_DIFFERENTIAL_OR_RUNTIME_PROOF
pc_port/src/world_map_helper_965a4.c,RUNTIME_PORT_SOURCE,NOT_APPLICABLE_HOST_ADAPTER_REQUIRES_DIFFERENTIAL_OR_RUNTIME_PROOF
pc_port/src/world_map_helper_89580.c,RUNTIME_PORT_SOURCE,NOT_APPLICABLE_HOST_ADAPTER_REQUIRES_DIFFERENTIAL_OR_RUNTIME_PROOF
pc_port/src/world_map_helper_89748.c,RUNTIME_PORT_SOURCE,NOT_APPLICABLE_HOST_ADAPTER_REQUIRES_DIFFERENTIAL_OR_RUNTIME_PROOF
pc_port/src/world_map_helper_98cc0.c,RUNTIME_PORT_SOURCE,NOT_APPLICABLE_HOST_ADAPTER_REQUIRES_DIFFERENTIAL_OR_RUNTIME_PROOF
pc_port/src/world_map_helper_9932c.c,RUNTIME_PORT_SOURCE,NOT_APPLICABLE_HOST_ADAPTER_REQUIRES_DIFFERENTIAL_OR_RUNTIME_PROOF
pc_port/src/world_map_helper_99bfc.c,RUNTIME_PORT_SOURCE,NOT_APPLICABLE_HOST_ADAPTER_REQUIRES_DIFFERENTIAL_OR_RUNTIME_PROOF
pc_port/src/world_map_helper_99708.c,RUNTIME_PORT_SOURCE,NOT_APPLICABLE_HOST_ADAPTER_REQUIRES_DIFFERENTIAL_OR_RUNTIME_PROOF
pc_port/src/world_map_helper_981c8.c,RUNTIME_PORT_SOURCE,NOT_APPLICABLE_HOST_ADAPTER_REQUIRES_DIFFERENTIAL_OR_RUNTIME_PROOF
pc_port/src/world_map_helper_848b4.c,RUNTIME_PORT_SOURCE,NOT_APPLICABLE_HOST_ADAPTER_REQUIRES_DIFFERENTIAL_OR_RUNTIME_PROOF
pc_port/src/world_map_helper_848f4.c,RUNTIME_PORT_SOURCE,NOT_APPLICABLE_HOST_ADAPTER_REQUIRES_DIFFERENTIAL_OR_RUNTIME_PROOF
pc_port/src/world_map_helper_85cdc.c,RUNTIME_PORT_SOURCE,NOT_APPLICABLE_HOST_ADAPTER_REQUIRES_DIFFERENTIAL_OR_RUNTIME_PROOF
pc_port/src/world_map_helper_89c78.c,RUNTIME_PORT_SOURCE,NOT_APPLICABLE_HOST_ADAPTER_REQUIRES_DIFFERENTIAL_OR_RUNTIME_PROOF
pc_port/src/world_map_helper_8615c.c,RUNTIME_PORT_SOURCE,NOT_APPLICABLE_HOST_ADAPTER_REQUIRES_DIFFERENTIAL_OR_RUNTIME_PROOF
pc_port/src/world_map_helper_86798.c,RUNTIME_PORT_SOURCE,NOT_APPLICABLE_HOST_ADAPTER_REQUIRES_DIFFERENTIAL_OR_RUNTIME_PROOF
pc_port/src/world_map_helper_c28c.c,RUNTIME_PORT_SOURCE,NOT_APPLICABLE_HOST_ADAPTER_REQUIRES_DIFFERENTIAL_OR_RUNTIME_PROOF
pc_port/src/world_map_helper_c364.c,RUNTIME_PORT_SOURCE,NOT_APPLICABLE_HOST_ADAPTER_REQUIRES_DIFFERENTIAL_OR_RUNTIME_PROOF
pc_port/src/world_map_helper_8dff4.c,RUNTIME_PORT_SOURCE,NOT_APPLICABLE_HOST_ADAPTER_REQUIRES_DIFFERENTIAL_OR_RUNTIME_PROOF
pc_port/src/world_map_helper_7528c.c,RUNTIME_PORT_SOURCE,NOT_APPLICABLE_HOST_ADAPTER_REQUIRES_DIFFERENTIAL_OR_RUNTIME_PROOF
pc_port/src/world_map_helper_8e034.c,RUNTIME_PORT_SOURCE,NOT_APPLICABLE_HOST_ADAPTER_REQUIRES_DIFFERENTIAL_OR_RUNTIME_PROOF
pc_port/src/world_map_helper_73b04.c,RUNTIME_PORT_SOURCE,NOT_APPLICABLE_HOST_ADAPTER_REQUIRES_DIFFERENTIAL_OR_RUNTIME_PROOF
pc_port/src/world_map_helper_90a84.c,RUNTIME_PORT_SOURCE,NOT_APPLICABLE_HOST_ADAPTER_REQUIRES_DIFFERENTIAL_OR_RUNTIME_PROOF
pc_port/src/world_map_helper_74794.c,RUNTIME_PORT_SOURCE,NOT_APPLICABLE_HOST_ADAPTER_REQUIRES_DIFFERENTIAL_OR_RUNTIME_PROOF
pc_port/src/world_map_helper_85760.c,RUNTIME_PORT_SOURCE,NOT_APPLICABLE_HOST_ADAPTER_REQUIRES_DIFFERENTIAL_OR_RUNTIME_PROOF
pc_port/src/world_map_helper_85418.c,RUNTIME_PORT_SOURCE,NOT_APPLICABLE_HOST_ADAPTER_REQUIRES_DIFFERENTIAL_OR_RUNTIME_PROOF
pc_port/src/world_map_helper_93354.c,RUNTIME_PORT_SOURCE,NOT_APPLICABLE_HOST_ADAPTER_REQUIRES_DIFFERENTIAL_OR_RUNTIME_PROOF
pc_port/src/world_map_helper_952b0.c,RUNTIME_PORT_SOURCE,NOT_APPLICABLE_HOST_ADAPTER_REQUIRES_DIFFERENTIAL_OR_RUNTIME_PROOF
pc_port/src/world_map_helper_95324.c,RUNTIME_PORT_SOURCE,NOT_APPLICABLE_HOST_ADAPTER_REQUIRES_DIFFERENTIAL_OR_RUNTIME_PROOF
pc_port/src/world_map_helper_93fe4.c,RUNTIME_PORT_SOURCE,NOT_APPLICABLE_HOST_ADAPTER_REQUIRES_DIFFERENTIAL_OR_RUNTIME_PROOF
pc_port/src/world_map_helper_94088.c,RUNTIME_PORT_SOURCE,NOT_APPLICABLE_HOST_ADAPTER_REQUIRES_DIFFERENTIAL_OR_RUNTIME_PROOF
pc_port/src/world_map_helper_951a8.c,RUNTIME_PORT_SOURCE,NOT_APPLICABLE_HOST_ADAPTER_REQUIRES_DIFFERENTIAL_OR_RUNTIME_PROOF
pc_port/src/world_map_helper_85158.c,RUNTIME_PORT_SOURCE,NOT_APPLICABLE_HOST_ADAPTER_REQUIRES_DIFFERENTIAL_OR_RUNTIME_PROOF
pc_port/src/world_map_helper_84db8.c,RUNTIME_PORT_SOURCE,NOT_APPLICABLE_HOST_ADAPTER_REQUIRES_DIFFERENTIAL_OR_RUNTIME_PROOF
pc_port/src/world_map_helper_84d00.c,RUNTIME_PORT_SOURCE,NOT_APPLICABLE_HOST_ADAPTER_REQUIRES_DIFFERENTIAL_OR_RUNTIME_PROOF
pc_port/src/world_map_helper_97770.c,RUNTIME_PORT_SOURCE,NOT_APPLICABLE_HOST_ADAPTER_REQUIRES_DIFFERENTIAL_OR_RUNTIME_PROOF
pc_port/src/world_map_helper_941c4.c,RUNTIME_PORT_SOURCE,NOT_APPLICABLE_HOST_ADAPTER_REQUIRES_DIFFERENTIAL_OR_RUNTIME_PROOF
pc_port/src/world_map_helper_94238.c,RUNTIME_PORT_SOURCE,NOT_APPLICABLE_HOST_ADAPTER_REQUIRES_DIFFERENTIAL_OR_RUNTIME_PROOF
pc_port/src/world_map_helper_94364.c,RUNTIME_PORT_SOURCE,NOT_APPLICABLE_HOST_ADAPTER_REQUIRES_DIFFERENTIAL_OR_RUNTIME_PROOF
pc_port/src/world_map_helper_8bec8.c,RUNTIME_PORT_SOURCE,NOT_APPLICABLE_HOST_ADAPTER_REQUIRES_DIFFERENTIAL_OR_RUNTIME_PROOF
pc_port/src/world_map_helper_8c1dc.c,RUNTIME_PORT_SOURCE,NOT_APPLICABLE_HOST_ADAPTER_REQUIRES_DIFFERENTIAL_OR_RUNTIME_PROOF
pc_port/src/world_map_helper_93534.c,RUNTIME_PORT_SOURCE,NOT_APPLICABLE_HOST_ADAPTER_REQUIRES_DIFFERENTIAL_OR_RUNTIME_PROOF
pc_port/src/world_map_helper_93e8c.c,RUNTIME_PORT_SOURCE,NOT_APPLICABLE_HOST_ADAPTER_REQUIRES_DIFFERENTIAL_OR_RUNTIME_PROOF
pc_port/src/world_map_helper_93f18.c,RUNTIME_PORT_SOURCE,NOT_APPLICABLE_HOST_ADAPTER_REQUIRES_DIFFERENTIAL_OR_RUNTIME_PROOF
pc_port/src/world_map_helper_94060.c,RUNTIME_PORT_SOURCE,NOT_APPLICABLE_HOST_ADAPTER_REQUIRES_DIFFERENTIAL_OR_RUNTIME_PROOF
pc_port/src/world_map_helper_8c040.c,RUNTIME_PORT_SOURCE,NOT_APPLICABLE_HOST_ADAPTER_REQUIRES_DIFFERENTIAL_OR_RUNTIME_PROOF
pc_port/src/world_map_private_collision.c,RUNTIME_PORT_SOURCE,NOT_APPLICABLE_HOST_ADAPTER_REQUIRES_DIFFERENTIAL_OR_RUNTIME_PROOF
pc_port/src/world_map_func_94a5c.c,RUNTIME_PORT_SOURCE,NOT_APPLICABLE_HOST_ADAPTER_REQUIRES_DIFFERENTIAL_OR_RUNTIME_PROOF
pc_port/src/world_map_func_95414.c,RUNTIME_PORT_SOURCE,NOT_APPLICABLE_HOST_ADAPTER_REQUIRES_DIFFERENTIAL_OR_RUNTIME_PROOF
pc_port/src/port_main.c,RUNTIME_PORT_SOURCE,NOT_APPLICABLE_HOST_ADAPTER_REQUIRES_DIFFERENTIAL_OR_RUNTIME_PROOF
pc_port/src/battle_target_bounds.c,TEST_ONLY,NOT_LINKED
pc_port/src/battle_target_camera.c,TEST_ONLY,NOT_LINKED
pc_port/src/battle_target_eligibility_ram.c,TEST_ONLY,NOT_LINKED
pc_port/src/battle_target_list_ram.c,TEST_ONLY,NOT_LINKED
pc_port/src/battle_target_setup.c,TEST_ONLY,NOT_LINKED
