overlay,function,retail_address,retail_bytes
battle,func_80080AE4,0x80080ae4,128
battle,func_80070E2C,0x80070e2c,132
battle,func_80070EB0,0x80070eb0,44
battle,func_80070EDC,0x80070edc,100
battle,func_800841E0,0x800841e0,872
battle,func_80084750,0x80084750,260
battle,func_80084854,0x80084854,552
battle,func_80084B40,0x80084b40,488
battle,func_80085388,0x80085388,204
battle,func_80085454,0x80085454,452
battle,func_80085618,0x80085618,1196
battle,func_80085AC4,0x80085ac4,148
battle,func_80085D34,0x80085d34,324
battle,func_80085EB4,0x80085eb4,372
battle,func_8008860C,0x8008860c,624
battle,func_8008887C,0x8008887c,276
battle,func_80088990,0x80088990,496
battle,func_8008AAA0,0x8008aaa0,172
battle,func_8008AC50,0x8008ac50,56
battle,func_800AA898,0x800aa898,156
battle,func_800AE1BC,0x800ae1bc,100
battle,func_800AE220,0x800ae220,132
battle,func_800AF400,0x800af400,56
battle,func_800BEEB4,0x800beeb4,112
battle,func_800BEF24,0x800bef24,104
battle,func_800BEF8C,0x800bef8c,104
battle,func_800BEFF4,0x800beff4,192
battle,func_8007A874,0x8007a874,64
battle,func_8007A92C,0x8007a92c,60
battle,func_8007A968,0x8007a968,64
battle,func_8007AA60,0x8007aa60,88
battle,func_8007AC80,0x8007ac80,92
battle,func_8007AEF0,0x8007aef0,108
battle,func_8007BA04,0x8007ba04,64
battle,func_8007BA44,0x8007ba44,68
battle,func_8007BAE8,0x8007bae8,68
battle,func_8007D0CC,0x8007d0cc,124
battle,func_8007D1A8,0x8007d1a8,52
battle,func_8007D344,0x8007d344,308
battle,func_8007D478,0x8007d478,312
battle,func_8007D5B0,0x8007d5b0,96
battle,func_8007D610,0x8007d610,152
battle,func_8007E740,0x8007e740,64
battle_command_file1,xeno_battle_command_file1_wrapper_71D4,0x801e71d4,92
battle_command_file1,xeno_battle_command_file1_wrapper_7230,0x801e7230,72
battle_command_file1,func_battle_command_file1_801E7278,0x801e7278,156
battle_command_file1,func_battle_command_file1_801E7314,0x801e7314,68
battle_command_file1,func_battle_command_file1_801E7358,0x801e7358,20
battle_command_file1,func_battle_command_file1_801E736C,0x801e736c,20
battle_command_file1,func_battle_command_file1_801E7380,0x801e7380,84
battle_command_file1,func_battle_command_file1_801E73D4,0x801e73d4,80
battle_command_file1,func_battle_command_file1_801E7424,0x801e7424,72
battle_command_file1,func_battle_command_file1_801E746C,0x801e746c,32
battle_command_file1,func_battle_command_file1_801E748C,0x801e748c,20
battle_command_file1,func_battle_command_file1_801E74A0,0x801e74a0,24
battle_command_file1,func_battle_command_file1_801E74B8,0x801e74b8,40
battle_command_file1,func_battle_command_file1_801E74E0,0x801e74e0,272
battle_command_file1,func_battle_command_file1_801E75F0,0x801e75f0,112
battle_command_file1,func_battle_command_file1_801E7660,0x801e7660,36
battle_command_file1,func_battle_command_file1_801E7684,0x801e7684,124
battle_command_file1,func_battle_command_file1_801E7700,0x801e7700,92
battle_command_file1,func_battle_command_file1_801E775C,0x801e775c,20
battle_command_file1,func_battle_command_file1_801E7770,0x801e7770,116
battle_command_file1,func_battle_command_file1_801E77E4,0x801e77e4,136
battle_command_file1,func_battle_command_file1_801E786C,0x801e786c,60
battle_command_file1,func_battle_command_file1_801E78A8,0x801e78a8,108
battle_command_file1,func_battle_command_file1_801E7914,0x801e7914,204
battle_command_file1,func_battle_command_file1_801E79E0,0x801e79e0,124
battle_command_file1,func_battle_command_file1_801E7A5C,0x801e7a5c,172
battle_command_file1,func_battle_command_file1_801E7B08,0x801e7b08,36
battle_command_file1,func_battle_command_file1_801E7B2C,0x801e7b2c,44
battle_command_file1,func_battle_command_file1_801E7B58,0x801e7b58,180
battle_command_file1,func_battle_command_file1_801E7C0C,0x801e7c0c,196
battle_command_file1,func_battle_command_file1_801E7CD0,0x801e7cd0,276
battle_command_file1,func_battle_command_file1_801E7DE4,0x801e7de4,48
battle_command_file1,func_battle_command_file1_801E7E14,0x801e7e14,72
battle_command_file1,func_battle_command_file1_801E7E5C,0x801e7e5c,72
battle_command_file1,func_battle_command_file1_801E7EA4,0x801e7ea4,100
battle_command_file1,func_battle_command_file1_801E7F08,0x801e7f08,104
battle_command_file1,func_battle_command_file1_801E7F70,0x801e7f70,132
battle_command_file1,func_battle_command_file1_801E7FF4,0x801e7ff4,128
battle_command_file1,func_battle_command_file1_801E8074,0x801e8074,8
battle_command_file1,func_battle_command_file1_801E807C,0x801e807c,108
battle_command_file1,func_battle_command_file1_801E80E8,0x801e80e8,8
battle_command_file1,func_battle_command_file1_801E80F0,0x801e80f0,156
battle_command_file1,func_battle_command_file1_801E818C,0x801e818c,96
battle_command_file1,func_battle_command_file1_801E81EC,0x801e81ec,80
battle_command_file1,func_battle_command_file1_801E823C,0x801e823c,80
battle_command_file1,func_battle_command_file1_801E828C,0x801e828c,80
battle_command_file1,func_battle_command_file1_801E82DC,0x801e82dc,228
battle_command_file1,func_battle_command_file1_801E83C0,0x801e83c0,228
battle_command_file1,func_battle_command_file1_801E84A4,0x801e84a4,348
battle_command_file1,func_battle_command_file1_801E8600,0x801e8600,172
battle_command_file1,func_battle_command_file1_801E86AC,0x801e86ac,36
battle_command_file1,func_battle_command_file1_801E86D0,0x801e86d0,36
battle_command_file1,func_battle_command_file1_801E86F4,0x801e86f4,36
battle_command_file1,func_battle_command_file1_801E8718,0x801e8718,56
battle_command_file1,func_battle_command_file1_801E8750,0x801e8750,76
battle_command_file1,func_battle_command_file1_801E879C,0x801e879c,3148
battle_command_file1,func_battle_command_file1_801E93E8,0x801e93e8,72
battle_command_file1,func_battle_command_file1_801E9430,0x801e9430,220
battle_command_file1,func_battle_command_file1_801E950C,0x801e950c,68
battle_command_file1,func_battle_command_file1_801E9550,0x801e9550,60
battle_command_file1,func_battle_command_file1_801E958C,0x801e958c,36
battle_command_file1,func_battle_command_file1_801E95B0,0x801e95b0,52
battle_command_file1,func_battle_command_file1_801E95E4,0x801e95e4,176
battle_command_file1,func_battle_command_file1_801E9694,0x801e9694,108
battle_command_file1,func_battle_command_file1_801E9700,0x801e9700,96
battle_command_file1,func_battle_command_file1_801E9760,0x801e9760,308
battle_command_file1,func_battle_command_file1_801E9894,0x801e9894,196
battle_command_file1,func_battle_command_file1_801E9958,0x801e9958,32
battle_command_file1,func_battle_command_file1_801E9978,0x801e9978,348
battle_command_file1,func_battle_command_file1_801E9AD4,0x801e9ad4,88
battle_command_file1,func_battle_command_file1_801E9B2C,0x801e9b2c,48
battle_command_file1,xeno_battle_command_file1_init_5160,0x801e5160,1244
battle_command_file1,func_battle_command_file1_801E563C,0x801e563c,300
battle_command_file1,func_battle_command_file1_801E5768,0x801e5768,92
battle_command_file1,func_battle_command_file1_801E57C4,0x801e57c4,52
battle_command_file1,func_battle_command_file1_801E57F8,0x801e57f8,244
battle_command_file1,func_battle_command_file1_801E58EC,0x801e58ec,428
battle_command_file1,func_battle_command_file1_801E5A98,0x801e5a98,104
battle_command_file1,xeno_battle_command_file1_helper_5B00,0x801e5b00,284
battle_command_file1,func_battle_command_file1_801E5C1C,0x801e5c1c,200
battle_command_file1,func_battle_command_file1_801E5CE4,0x801e5ce4,64
battle_command_file1,func_battle_command_file1_801E5D24,0x801e5d24,168
battle_command_file1,func_battle_command_file1_801E5DCC,0x801e5dcc,300
battle_command_file1,func_battle_command_file1_801E5EF8,0x801e5ef8,148
battle_command_file1,func_battle_command_file1_801E5F8C,0x801e5f8c,248
battle_command_file1,func_battle_command_file1_801E6084,0x801e6084,100
battle_command_file1,func_battle_command_file1_801E60E8,0x801e60e8,48
battle_command_file1,func_battle_command_file1_801E6118,0x801e6118,44
battle_command_file1,func_battle_command_file1_801E6144,0x801e6144,112
battle_command_file1,func_battle_command_file1_801E61B4,0x801e61b4,112
battle_command_file1,func_battle_command_file1_801E6224,0x801e6224,112
battle_command_file1,func_battle_command_file1_801E6294,0x801e6294,112
battle_command_file1,func_battle_command_file1_801E6304,0x801e6304,56
battle_command_file1,func_battle_command_file1_801E633C,0x801e633c,56
battle_command_file1,func_battle_command_file1_801E6374,0x801e6374,112
battle_command_file1,func_battle_command_file1_801E63E4,0x801e63e4,112
battle_command_file1,func_battle_command_file1_801E6454,0x801e6454,112
battle_command_file1,func_battle_command_file1_801E64C4,0x801e64c4,112
battle_command_file1,func_battle_command_file1_801E6534,0x801e6534,112
battle_command_file1,func_battle_command_file1_801E65A4,0x801e65a4,88
battle_command_file1,func_battle_command_file1_801E65FC,0x801e65fc,100
battle_command_file1,func_battle_command_file1_801E6660,0x801e6660,120
battle_command_file1,func_battle_command_file1_801E66D8,0x801e66d8,120
battle_command_file1,xeno_battle_command_file1_helper_6750,0x801e6750,1432
battling,D_80090F38,0x80090f38,6592
battling,func_800707A8,0x800707a8,48
battling,func_800707D8,0x800707d8,48
battling,func_80070808,0x80070808,188
battling,func_800708C4,0x800708c4,216
battling,func_8007099C,0x8007099c,736
battling,func_80070C7C,0x80070c7c,772
battling,func_80070F80,0x80070f80,88
battling,func_80070FD8,0x80070fd8,164
battling,func_8007107C,0x8007107c,1704
battling,func_80071724,0x80071724,112
battling,func_80071794,0x80071794,300
battling,func_800718C0,0x800718c0,92
battling,func_8007191C,0x8007191c,212
battling,func_800719F0,0x800719f0,224
battling,func_80071AD0,0x80071ad0,724
battling,func_80071DA4,0x80071da4,488
battling,func_80071F8C,0x80071f8c,312
battling,func_800720C4,0x800720c4,16
battling,func_800720D4,0x800720d4,156
battling,func_80072170,0x80072170,1080
battling,func_800725A8,0x800725a8,8
battling,func_800725B0,0x800725b0,260
battling,func_800726B4,0x800726b4,136
battling,func_8007273C,0x8007273c,284
battling,func_80072858,0x80072858,1216
battling,func_80072D18,0x80072d18,844
battling,func_80073064,0x80073064,72
battling,func_800730AC,0x800730ac,72
battling,func_800730F4,0x800730f4,72
battling,func_8007313C,0x8007313c,188
battling,func_800731F8,0x800731f8,180
battling,func_800732AC,0x800732ac,32
battling,func_800732CC,0x800732cc,128
battling,func_8007334C,0x8007334c,216
battling,func_80073424,0x80073424,544
battling,func_80073644,0x80073644,1336
battling,func_80073B7C,0x80073b7c,296
battling,func_80073CA4,0x80073ca4,72
battling,func_80073CEC,0x80073cec,248
battling,func_80073DE4,0x80073de4,72
battling,func_80073E2C,0x80073e2c,264
battling,func_80073F34,0x80073f34,432
battling,func_800740E4,0x800740e4,1428
battling,func_80074678,0x80074678,800
battling,func_80074998,0x80074998,284
battling,func_80074AB4,0x80074ab4,240
battling,func_80074BA4,0x80074ba4,1212
battling,func_80075060,0x80075060,360
battling,func_800751C8,0x800751c8,1348
battling,func_8007570C,0x8007570c,44
battling,func_80075738,0x80075738,16
battling,func_80075748,0x80075748,8
battling,func_80075750,0x80075750,312
battling,func_80075888,0x80075888,452
battling,func_80075A4C,0x80075a4c,260
battling,func_80075B50,0x80075b50,2124
battling,func_8007639C,0x8007639c,72
battling,func_800763E4,0x800763e4,64
battling,func_80076424,0x80076424,20
battling,func_80076438,0x80076438,148
battling,func_800764CC,0x800764cc,336
battling,func_8007661C,0x8007661c,428
battling,func_800767C8,0x800767c8,188
battling,func_80076884,0x80076884,1972
battling,func_80077038,0x80077038,1356
battling,func_80077584,0x80077584,168
battling,func_8007762C,0x8007762c,124
battling,func_800776A8,0x800776a8,200
battling,func_80077770,0x80077770,712
battling,func_80077A38,0x80077a38,80
battling,func_80077A88,0x80077a88,20
battling,func_80077A9C,0x80077a9c,1720
battling,func_80078154,0x80078154,64
battling,func_80078194,0x80078194,1392
battling,func_80078704,0x80078704,540
battling,func_80078920,0x80078920,1024
battling,func_80078D20,0x80078d20,372
battling,func_80078E94,0x80078e94,64
battling,func_80078ED4,0x80078ed4,44
battling,func_80078F00,0x80078f00,780
battling,func_8007920C,0x8007920c,1196
battling,func_800796B8,0x800796b8,980
battling,func_80079A8C,0x80079a8c,120
battling,func_80079B04,0x80079b04,8
battling,func_80079B0C,0x80079b0c,56
battling,func_80079B44,0x80079b44,452
battling,func_80079D08,0x80079d08,100
battling,func_80079D6C,0x80079d6c,116
battling,func_80079DE0,0x80079de0,16
battling,func_80079DF0,0x80079df0,1068
battling,func_8007A21C,0x8007a21c,296
battling,func_8007A344,0x8007a344,908
battling,func_8007A6D0,0x8007a6d0,96
battling,func_8007A730,0x8007a730,56
battling,func_8007A768,0x8007a768,284
battling,func_8007A884,0x8007a884,212
battling,func_8007A958,0x8007a958,740
battling,func_8007AC3C,0x8007ac3c,468
battling,func_8007AE10,0x8007ae10,1024
battling,func_8007B210,0x8007b210,96
battling,func_8007B270,0x8007b270,280
battling,func_8007B388,0x8007b388,1860
battling,func_8007BACC,0x8007bacc,176
battling,func_8007BB7C,0x8007bb7c,36
battling,func_8007BBA0,0x8007bba0,1376
battling,func_8007C100,0x8007c100,36
battling,func_8007C124,0x8007c124,348
battling,func_8007C280,0x8007c280,1536
battling,func_8007C880,0x8007c880,548
battling,func_8007CAA4,0x8007caa4,624
battling,func_8007CD14,0x8007cd14,48
battling,func_8007CD44,0x8007cd44,564
battling,func_8007CF78,0x8007cf78,240
battling,func_8007D068,0x8007d068,76
battling,func_8007D0B4,0x8007d0b4,220
battling,func_8007D190,0x8007d190,204
battling,func_8007D25C,0x8007d25c,24
battling,func_8007D274,0x8007d274,192
battling,func_8007D334,0x8007d334,808
battling,func_8007D65C,0x8007d65c,92
battling,func_8007D6B8,0x8007d6b8,240
battling,func_8007D7A8,0x8007d7a8,368
battling,func_8007D918,0x8007d918,528
battling,func_8007DB28,0x8007db28,332
battling,func_8007DC74,0x8007dc74,940
battling,func_8007E020,0x8007e020,556
battling,func_8007E24C,0x8007e24c,140
battling,func_8007E2D8,0x8007e2d8,68
battling,func_8007E31C,0x8007e31c,176
battling,func_8007E3CC,0x8007e3cc,348
battling,func_8007E528,0x8007e528,76
battling,func_8007E574,0x8007e574,176
battling,func_8007E624,0x8007e624,16
battling,func_8007E634,0x8007e634,608
battling,func_8007E894,0x8007e894,24
battling,func_8007E8AC,0x8007e8ac,168
battling,func_8007E954,0x8007e954,16
battling,func_8007E964,0x8007e964,520
battling,func_8007EB6C,0x8007eb6c,116
battling,func_8007EBE0,0x8007ebe0,116
battling,func_8007EC54,0x8007ec54,156
battling,func_8007ECF0,0x8007ecf0,148
battling,func_8007ED84,0x8007ed84,132
battling,func_8007EE08,0x8007ee08,96
battling,func_8007EE68,0x8007ee68,128
battling,func_8007EEE8,0x8007eee8,204
battling,func_8007EFB4,0x8007efb4,168
battling,func_8007F05C,0x8007f05c,508
battling,func_8007F258,0x8007f258,1500
battling,func_8007F834,0x8007f834,32
battling,func_8007F854,0x8007f854,96
battling,func_8007F8B4,0x8007f8b4,48
battling,func_8007F8E4,0x8007f8e4,100
battling,func_8007F948,0x8007f948,52
battling,func_8007F97C,0x8007f97c,36
battling,func_8007F9A0,0x8007f9a0,364
battling,func_8007FB0C,0x8007fb0c,224
battling,func_8007FBEC,0x8007fbec,604
battling,func_8007FE48,0x8007fe48,296
battling,func_8007FF70,0x8007ff70,228
battling,func_80080054,0x80080054,60
battling,func_80080090,0x80080090,60
battling,func_800800CC,0x800800cc,60
battling,func_80080108,0x80080108,60
battling,func_80080144,0x80080144,60
battling,func_80080180,0x80080180,60
battling,func_800801BC,0x800801bc,60
battling,func_800801F8,0x800801f8,60
battling,func_80080234,0x80080234,52
battling,func_80080268,0x80080268,60
battling,func_800802A4,0x800802a4,360
battling,func_8008040C,0x8008040c,356
battling,func_80080570,0x80080570,212
battling,func_80080644,0x80080644,316
battling,func_80080780,0x80080780,372
battling,func_800808F4,0x800808f4,44
battling,func_80080920,0x80080920,68
battling,func_80080964,0x80080964,88
battling,func_800809BC,0x800809bc,28
battling,func_800809D8,0x800809d8,128
battling,func_80080A58,0x80080a58,72
battling,func_80080AA0,0x80080aa0,72
battling,func_80080AE8,0x80080ae8,112
battling,func_80080B58,0x80080b58,240
battling,func_80080C48,0x80080c48,200
battling,func_80080D10,0x80080d10,16
battling,func_80080D20,0x80080d20,484
battling,func_80080F04,0x80080f04,400
battling,func_80081094,0x80081094,108
battling,func_80081100,0x80081100,172
battling,func_800811AC,0x800811ac,272
battling,func_800812BC,0x800812bc,496
battling,func_800814AC,0x800814ac,112
battling,func_8008151C,0x8008151c,272
battling,func_8008162C,0x8008162c,1048
battling,func_80081A44,0x80081a44,744
battling,func_80081D2C,0x80081d2c,212
battling,func_80081E00,0x80081e00,108
battling,func_80081E6C,0x80081e6c,96
battling,func_80081ECC,0x80081ecc,684
battling,func_80082178,0x80082178,392
battling,func_80082300,0x80082300,344
battling,func_80082458,0x80082458,48
battling,func_80082488,0x80082488,1016
battling,func_80082880,0x80082880,68
battling,func_800828C4,0x800828c4,52
battling,func_800828F8,0x800828f8,376
battling,func_80082A70,0x80082a70,476
battling,func_80082C4C,0x80082c4c,532
battling,func_80082E60,0x80082e60,872
battling,func_800831C8,0x800831c8,248
battling,func_800832C0,0x800832c0,80
battling,func_80083310,0x80083310,908
battling,func_8008369C,0x8008369c,156
battling,func_80083738,0x80083738,1052
battling,func_80083B54,0x80083b54,96
battling,func_80083BB4,0x80083bb4,88
battling,func_80083C0C,0x80083c0c,204
battling,func_80083CD8,0x80083cd8,16
battling,func_80083CE8,0x80083ce8,228
battling,func_80083DCC,0x80083dcc,768
battling,func_800840CC,0x800840cc,1492
battling,func_800846A0,0x800846a0,832
battling,func_800849E0,0x800849e0,96
battling,func_80084A40,0x80084a40,36
battling,func_80084A64,0x80084a64,124
battling,func_80084AE0,0x80084ae0,104
battling,func_80084B48,0x80084b48,164
battling,func_80084BEC,0x80084bec,156
battling,func_80084C88,0x80084c88,840
battling,func_80084FD0,0x80084fd0,68
battling,func_80085014,0x80085014,92
battling,func_80085070,0x80085070,44
battling,func_8008509C,0x8008509c,152
battling,func_80085134,0x80085134,88
battling,func_8008518C,0x8008518c,72
battling,func_800851D4,0x800851d4,144
battling,func_80085264,0x80085264,96
battling,func_800852C4,0x800852c4,2928
battling,func_80085E34,0x80085e34,44
battling,func_80085E60,0x80085e60,48
battling,func_80085E90,0x80085e90,28
battling,func_80085EAC,0x80085eac,28
battling,func_80085EC8,0x80085ec8,1516
battling,func_800864B4,0x800864b4,544
battling,func_800866D4,0x800866d4,524
battling,func_800868E0,0x800868e0,1348
battling,func_80086E24,0x80086e24,76
battling,func_80086E70,0x80086e70,392
battling,func_80086FF8,0x80086ff8,112
battling,func_80087068,0x80087068,1412
battling,func_800875EC,0x800875ec,100
battling,func_80087650,0x80087650,72
battling,func_80087698,0x80087698,260
battling,func_8008779C,0x8008779c,148
battling,func_80087830,0x80087830,172
battling,func_800878DC,0x800878dc,468
battling,func_80087AB0,0x80087ab0,196
battling,func_80087B74,0x80087b74,708
battling,func_80087E38,0x80087e38,104
battling,func_80087EA0,0x80087ea0,876
battling,func_8008820C,0x8008820c,200
battling,func_800882D4,0x800882d4,52
battling,func_80088308,0x80088308,36
battling,func_8008832C,0x8008832c,436
battling,func_800884E0,0x800884e0,188
battling,func_8008859C,0x8008859c,188
battling,func_80088658,0x80088658,164
battling,func_800886FC,0x800886fc,88
battling,func_80088754,0x80088754,80
battling,func_800887A4,0x800887a4,148
battling,func_80088838,0x80088838,120
battling,func_800888B0,0x800888b0,52
battling,func_800888E4,0x800888e4,36
battling,func_80088908,0x80088908,56
battling,func_80088940,0x80088940,28
battling,func_8008895C,0x8008895c,108
battling,func_800889C8,0x800889c8,120
battling,func_80088A40,0x80088a40,184
battling,func_80088AF8,0x80088af8,220
battling,func_80088BD4,0x80088bd4,40
battling,func_80088BFC,0x80088bfc,44
battling,func_80088C28,0x80088c28,148
battling,func_80088CBC,0x80088cbc,96
battling,func_80088D1C,0x80088d1c,372
field,func_800ACE24,0x800ace24,108
field,func_800ACE90,0x800ace90,320
field,func_800ACFD0,0x800acfd0,1284
field,func_800AD4D4,0x800ad4d4,964
field,func_800AD898,0x800ad898,224
field,func_800AD978,0x800ad978,240
movie,func_80070DCC,0x80070dcc,1272
movie,func_800712C4,0x800712c4,2268
movie,func_80071BA0,0x80071ba0,148
movie,func_80071C34,0x80071c34,2036
movie,func_80072428,0x80072428,88
movie,func_8007293C,0x8007293c,108
movie,func_800729A8,0x800729a8,96
movie,func_80072A08,0x80072a08,892
movie,func_800753B8,0x800753b8,212
movie,func_8007548C,0x8007548c,124
movie,func_80075508,0x80075508,44
movie,func_80076AF0,0x80076af0,376
movie,func_80076C68,0x80076c68,60
movie,func_80076CA4,0x80076ca4,416
slus_006.64,func_80035E44,0x80035e44,216
slus_006.64,func_80035F1C,0x80035f1c,220
slus_006.64,func_80035FF8,0x80035ff8,292
slus_006.64,func_8003611C,0x8003611c,108
slus_006.64,func_80036188,0x80036188,152
slus_006.64,func_80036220,0x80036220,56
slus_006.64,func_80036258,0x80036258,24
slus_006.64,func_80036270,0x80036270,24
slus_006.64,ControllerInit,0x80036288,180
slus_006.64,func_8003633C,0x8003633c,16
slus_006.64,func_8003634C,0x8003634c,148
slus_006.64,func_800363E0,0x800363e0,16
slus_006.64,func_800363F0,0x800363f0,16
slus_006.64,func_80036400,0x80036400,16
slus_006.64,func_80036410,0x80036410,16
slus_006.64,func_80036420,0x80036420,264
slus_006.64,func_80036528,0x80036528,212
slus_006.64,ControllerDebugPrint,0x800365fc,228
slus_006.64,func_800366E0,0x800366e0,16
slus_006.64,func_800366F0,0x800366f0,40
slus_006.64,func_80036718,0x80036718,1472
slus_006.64,func_80037878,0x80037878,316
slus_006.64,func_800379B4,0x800379b4,20
slus_006.64,func_800379C8,0x800379c8,8
slus_006.64,func_800379D0,0x800379d0,8
slus_006.64,RotMatrix,0x8003f738,376
slus_006.64,rcos,0x8003f8b0,28
slus_006.64,rsin,0x8003f8cc,28
slus_006.64,SwEnterCriticalSection,0x800404f4,32
slus_006.64,SwExitCriticalSection,0x80040514,32
slus_006.64,func_80040B7C,0x80040b7c,40
slus_006.64,func_80040BA4,0x80040ba4,124
slus_006.64,func_80040C20,0x80040c20,28
slus_006.64,func_80040C3C,0x80040c3c,32
slus_006.64,func_80040C5C,0x80040c5c,96
slus_006.64,func_80040CBC,0x80040cbc,20
slus_006.64,func_80040CD0,0x80040cd0,20
slus_006.64,func_80040CE4,0x80040ce4,36
slus_006.64,func_8004376C,0x8004376c,236
slus_006.64,func_80043858,0x80043858,104
slus_006.64,func_800438C0,0x800438c0,104
slus_006.64,func_8004537C,0x8004537c,48
slus_006.64,func_800453AC,0x800453ac,60
slus_006.64,func_800453E8,0x800453e8,132
slus_006.64,func_8004546C,0x8004546c,68
slus_006.64,func_800454B0,0x800454b0,44
slus_006.64,SetDrawMode,0x800454dc,88
slus_006.64,func_80045534,0x80045534,536
slus_006.64,func_8004574C,0x8004574c,656
slus_006.64,func_800459DC,0x800459dc,88
slus_006.64,func_80045A34,0x80045a34,204
slus_006.64,func_80045B00,0x80045b00,204
slus_006.64,func_80045BCC,0x80045bcc,68
slus_006.64,func_80045C10,0x80045c10,132
slus_006.64,func_80045C94,0x80045c94,176
slus_006.64,func_80045D44,0x80045d44,24
slus_006.64,func_80045D5C,0x80045d5c,232
slus_006.64,func_80045E44,0x80045e44,604
slus_006.64,func_800460A0,0x800460a0,572
slus_006.64,func_800462DC,0x800462dc,644
slus_006.64,func_80046560,0x80046560,40
slus_006.64,func_80046588,0x80046588,20
slus_006.64,func_8004659C,0x8004659c,80
slus_006.64,func_800465EC,0x800465ec,76
slus_006.64,func_80046638,0x80046638,48
slus_006.64,func_80046668,0x80046668,36
slus_006.64,func_8004668C,0x8004668c,736
slus_006.64,func_8004696C,0x8004696c,748
slus_006.64,func_80046C58,0x80046c58,348
slus_006.64,func_80046DB4,0x80046db4,328
slus_006.64,func_80046EFC,0x80046efc,52
slus_006.64,func_80046F30,0x80046f30,364
slus_006.64,func_8004709C,0x8004709c,220
slus_006.64,func_80047178,0x80047178,44
slus_006.64,func_800471A4,0x800471a4,16
slus_006.64,OpenTIM,0x800471b4,16
slus_006.64,ReadTIM,0x800471c4,104
slus_006.64,func_8004722C,0x8004722c,64
slus_006.64,func_8004726C,0x8004726c,684
slus_006.64,func_80047518,0x80047518,288
slus_006.64,func_80047638,0x80047638,408
slus_006.64,func_800477D0,0x800477d0,4832
slus_006.64,func_80048AB0,0x80048ab0,268
slus_006.64,D_80048BBC,0x80048bbc,8
slus_006.64,func_8004B4AC,0x8004b4ac,112
slus_006.64,func_8004B51C,0x8004b51c,48
slus_006.64,func_8004C530,0x8004c530,24
slus_006.64,func_8004E880,0x8004e880,88
slus_006.64,func_8004E8D8,0x8004e8d8,136
slus_006.64,func_8004E960,0x8004e960,48
slus_006.64,func_8004E990,0x8004e990,108
slus_006.64,func_8004E9FC,0x8004e9fc,36
slus_006.64,func_8004EA20,0x8004ea20,112
slus_006.64,start,0x80019524,60
slus_006.64,ClearMemory,0x80019560,24
slus_006.64,printf,0x80019964,8
slus_006.64,func_8002A2D0,0x8002a2d0,196
slus_006.64,func_8002A57C,0x8002a57c,272
slus_006.64,CloseEvent,0x80040484,16
slus_006.64,DeliverEvent,0x80040e18,16
slus_006.64,DisableEvent,0x800404b4,16
slus_006.64,EnableEvent,0x800404a4,16
slus_006.64,EnterCriticalSection,0x800404d4,16
slus_006.64,ExitCriticalSection,0x800404e4,16
slus_006.64,FlushCache,0x80040454,16
slus_006.64,Krom2RawAdd,0x800405c4,16
slus_006.64,OpenEvent,0x80040474,16
slus_006.64,TestEvent,0x80040494,16
slus_006.64,UnDeliverEvent,0x800404c4,16
slus_006.64,_bu_init,0x80040464,16
slus_006.64,close,0x80040564,16
slus_006.64,erase,0x800405b4,16
slus_006.64,firstfile,0x80040584,16
slus_006.64,format,0x80040574,16
slus_006.64,nextfile,0x80040594,16
slus_006.64,open,0x80040534,16
slus_006.64,read,0x80040544,16
slus_006.64,rename,0x800405a4,16
slus_006.64,write,0x80040554,16
slus_006.64,LZSSHeapDecompress,0x80032e88,44
slus_006.64,LZSSDecompress,0x80032eb4,160
world_map,WorldMapMain,0x80070cfc,1492
world_map,func_800712D0,0x800712d0,1920
world_map,func_80071A50,0x80071a50,8
world_map,func_80071A58,0x80071a58,324
world_map,func_80071B9C,0x80071b9c,320
world_map,func_80071CDC,0x80071cdc,532
world_map,func_80071EF0,0x80071ef0,252
world_map,func_80071FEC,0x80071fec,164
world_map,func_80072090,0x80072090,340
world_map,func_800721E4,0x800721e4,84
world_map,func_80072238,0x80072238,1892
world_map,func_8007299C,0x8007299c,532
world_map,func_80072BB0,0x80072bb0,516
world_map,func_80072DB4,0x80072db4,1356
world_map,func_80073300,0x80073300,152
world_map,func_80073398,0x80073398,176
world_map,func_80073448,0x80073448,232
world_map,func_80073530,0x80073530,364
world_map,func_8007369C,0x8007369c,64
world_map,func_800736DC,0x800736dc,272
world_map,func_800737EC,0x800737ec,460
world_map,func_800739B8,0x800739b8,332
world_map,func_80073B04,0x80073b04,812
world_map,func_80073E30,0x80073e30,648
world_map,func_800740B8,0x800740b8,1244
world_map,func_80074594,0x80074594,440
world_map,func_8007474C,0x8007474c,72
world_map,func_80074794,0x80074794,72
world_map,func_800747DC,0x800747dc,1660
world_map,func_80074E58,0x80074e58,172
world_map,func_80074F04,0x80074f04,40
world_map,func_80074F2C,0x80074f2c,260
world_map,func_80075030,0x80075030,172
world_map,func_800750DC,0x800750dc,40
world_map,func_80075104,0x80075104,292
world_map,func_80075228,0x80075228,100
world_map,func_8007528C,0x8007528c,468
world_map,func_80075460,0x80075460,508
world_map,func_8007565C,0x8007565c,612
world_map,func_800758C0,0x800758c0,664
world_map,func_80075B58,0x80075b58,500
world_map,func_80075D4C,0x80075d4c,304
world_map,func_80075E7C,0x80075e7c,540
world_map,func_80076098,0x80076098,612
world_map,func_800762FC,0x800762fc,80
world_map,func_8007634C,0x8007634c,584
world_map,func_80076594,0x80076594,576
world_map,func_800767D4,0x800767d4,132
world_map,func_80076858,0x80076858,252
world_map,func_80076954,0x80076954,192
world_map,func_80076A14,0x80076a14,8
world_map,func_80076A1C,0x80076a1c,280
world_map,func_80076B34,0x80076b34,144
world_map,func_80076BC4,0x80076bc4,24
world_map,func_80076BDC,0x80076bdc,60
world_map,func_80076C18,0x80076c18,36
world_map,func_80076C3C,0x80076c3c,44
world_map,func_80076C68,0x80076c68,32
world_map,func_80076C88,0x80076c88,44
world_map,func_80076CB4,0x80076cb4,32
world_map,func_80076CD4,0x80076cd4,32
world_map,func_80076CF4,0x80076cf4,40
world_map,func_80076D1C,0x80076d1c,52
world_map,func_80076D50,0x80076d50,60
world_map,func_80076D8C,0x80076d8c,24
world_map,func_80076DA4,0x80076da4,432
world_map,func_80076F54,0x80076f54,84
world_map,func_80076FA8,0x80076fa8,560
world_map,func_800771D8,0x800771d8,60
world_map,func_80077214,0x80077214,620
world_map,func_80077480,0x80077480,236
world_map,func_8007756C,0x8007756c,372
world_map,func_800776E0,0x800776e0,628
world_map,func_80077954,0x80077954,8
world_map,func_8007795C,0x8007795c,264
world_map,func_80077A64,0x80077a64,604
world_map,func_80077CC0,0x80077cc0,264
world_map,func_80077DC8,0x80077dc8,160
world_map,func_80077E68,0x80077e68,1060
world_map,func_8007828C,0x8007828c,348
world_map,func_800783E8,0x800783e8,1376
world_map,func_80078948,0x80078948,8
world_map,func_80078950,0x80078950,272
world_map,func_80078A60,0x80078a60,708
world_map,func_80078D24,0x80078d24,264
world_map,func_80078E2C,0x80078e2c,120
world_map,func_80078EA4,0x80078ea4,1588
world_map,func_800794D8,0x800794d8,96
world_map,func_80079538,0x80079538,172
world_map,func_800795E4,0x800795e4,404
world_map,func_80079778,0x80079778,2292
world_map,func_8007A06C,0x8007a06c,216
world_map,func_8007A144,0x8007a144,112
world_map,func_8007A1B4,0x8007a1b4,604
world_map,func_8007A410,0x8007a410,32
world_map,func_8007A430,0x8007a430,312
world_map,func_8007A568,0x8007a568,8
world_map,func_8007A570,0x8007a570,108
world_map,func_8007A5DC,0x8007a5dc,720
world_map,func_8007A8AC,0x8007a8ac,264
world_map,func_8007A9B4,0x8007a9b4,68
world_map,func_8007A9F8,0x8007a9f8,828
world_map,func_8007AD34,0x8007ad34,160
world_map,func_8007ADD4,0x8007add4,1068
world_map,func_8007B200,0x8007b200,404
world_map,func_8007B394,0x8007b394,624
world_map,func_8007B604,0x8007b604,404
world_map,func_8007B798,0x8007b798,624
world_map,func_8007BA08,0x8007ba08,8
world_map,func_8007BA10,0x8007ba10,336
world_map,func_8007BB60,0x8007bb60,140
world_map,func_8007BBEC,0x8007bbec,868
world_map,func_8007BF50,0x8007bf50,784
world_map,func_8007C260,0x8007c260,268
world_map,func_8007C36C,0x8007c36c,76
world_map,func_8007C3B8,0x8007c3b8,876
world_map,func_8007C724,0x8007c724,180
world_map,func_8007C7D8,0x8007c7d8,1172
world_map,func_8007CC6C,0x8007cc6c,180
world_map,func_8007CD20,0x8007cd20,356
world_map,func_8007CE84,0x8007ce84,148
world_map,func_8007CF18,0x8007cf18,352
world_map,func_8007D078,0x8007d078,152
world_map,func_8007D110,0x8007d110,280
world_map,func_8007D228,0x8007d228,144
world_map,func_8007D2B8,0x8007d2b8,348
world_map,func_8007D414,0x8007d414,144
world_map,func_8007D4A4,0x8007d4a4,348
world_map,func_8007D600,0x8007d600,144
world_map,func_8007D690,0x8007d690,228
world_map,func_8007D774,0x8007d774,136
world_map,func_8007D7FC,0x8007d7fc,284
world_map,func_8007D918,0x8007d918,968
world_map,func_8007DCE0,0x8007dce0,308
world_map,func_8007DE14,0x8007de14,132
world_map,func_8007DE98,0x8007de98,1464
world_map,func_8007E450,0x8007e450,148
world_map,func_8007E4E4,0x8007e4e4,1752
world_map,func_8007EBBC,0x8007ebbc,232
world_map,func_8007ECA4,0x8007eca4,400
world_map,func_8007EE34,0x8007ee34,2680
world_map,func_8007F8AC,0x8007f8ac,188
world_map,func_8007F968,0x8007f968,804
world_map,func_8007FC8C,0x8007fc8c,164
world_map,func_8007FD30,0x8007fd30,576
world_map,func_8007FF70,0x8007ff70,680
world_map,func_80080218,0x80080218,276
world_map,func_8008032C,0x8008032c,68
world_map,func_80080370,0x80080370,520
world_map,func_80080578,0x80080578,136
world_map,func_80080600,0x80080600,768
world_map,func_80080900,0x80080900,68
world_map,func_80080944,0x80080944,168
world_map,func_800809EC,0x800809ec,60
world_map,func_80080A28,0x80080a28,156
world_map,func_80080AC4,0x80080ac4,572
world_map,func_80080D00,0x80080d00,876
world_map,func_8008106C,0x8008106c,264
world_map,func_80081174,0x80081174,76
world_map,func_800811C0,0x800811c0,552
world_map,func_800813E8,0x800813e8,136
world_map,func_80081470,0x80081470,620
world_map,func_800816DC,0x800816dc,196
world_map,func_800817A0,0x800817a0,200
world_map,func_80081868,0x80081868,352
world_map,func_800819C8,0x800819c8,348
world_map,func_80081B24,0x80081b24,280
world_map,func_80081C3C,0x80081c3c,324
world_map,func_80081D80,0x80081d80,564
world_map,func_80081FB4,0x80081fb4,36
world_map,func_80081FD8,0x80081fd8,844
world_map,func_80082324,0x80082324,912
world_map,func_800826B4,0x800826b4,276
world_map,func_800827C8,0x800827c8,36
world_map,func_800827EC,0x800827ec,240
world_map,func_800828DC,0x800828dc,1672
world_map,func_80082F64,0x80082f64,420
world_map,func_80083108,0x80083108,208
world_map,func_800831D8,0x800831d8,60
world_map,func_80083214,0x80083214,80
world_map,func_80083264,0x80083264,620
world_map,func_800834D0,0x800834d0,8
world_map,func_800834D8,0x800834d8,132
world_map,func_8008355C,0x8008355c,640
world_map,func_800837DC,0x800837dc,268
world_map,func_800838E8,0x800838e8,36
world_map,func_8008390C,0x8008390c,244
world_map,func_80083A00,0x80083a00,1508
world_map,func_80083FE4,0x80083fe4,132
world_map,func_80084068,0x80084068,932
world_map,func_8008440C,0x8008440c,372
world_map,func_80084580,0x80084580,664
world_map,func_80084818,0x80084818,156
world_map,func_800848B4,0x800848b4,64
world_map,func_800848F4,0x800848f4,1036
world_map,func_80084D00,0x80084d00,184
world_map,func_80084DB8,0x80084db8,928
world_map,func_80085158,0x80085158,704
world_map,func_80085418,0x80085418,840
world_map,func_80085760,0x80085760,1404
world_map,func_80085CDC,0x80085cdc,636
world_map,func_80085F58,0x80085f58,136
world_map,func_80085FE0,0x80085fe0,324
world_map,func_80086124,0x80086124,56
world_map,func_8008615C,0x8008615c,644
world_map,func_800863E0,0x800863e0,392
world_map,func_80086568,0x80086568,56
world_map,func_800865A0,0x800865a0,296
world_map,func_800866C8,0x800866c8,56
world_map,func_80086700,0x80086700,152
world_map,func_80086798,0x80086798,3960
world_map,func_80087710,0x80087710,36
world_map,func_80087734,0x80087734,172
world_map,func_800877E0,0x800877e0,36
world_map,func_80087804,0x80087804,256
world_map,func_80087904,0x80087904,164
world_map,func_800879A8,0x800879a8,56
world_map,func_800879E0,0x800879e0,172
world_map,func_80087A8C,0x80087a8c,248
world_map,func_80087B84,0x80087b84,232
world_map,func_80087C6C,0x80087c6c,756
world_map,func_80087F60,0x80087f60,112
world_map,func_80087FD0,0x80087fd0,1440
world_map,func_80088570,0x80088570,284
world_map,func_8008868C,0x8008868c,148
world_map,func_80088720,0x80088720,1056
world_map,func_80088B40,0x80088b40,336
world_map,func_80088C90,0x80088c90,112
world_map,func_80088D00,0x80088d00,100
world_map,func_80088D64,0x80088d64,128
world_map,func_80088DE4,0x80088de4,56
world_map,func_80088E1C,0x80088e1c,76
world_map,func_80088E68,0x80088e68,56
world_map,func_80088EA0,0x80088ea0,124
world_map,func_80088F1C,0x80088f1c,56
world_map,func_80088F54,0x80088f54,8
world_map,func_80088F5C,0x80088f5c,8
world_map,func_80088F64,0x80088f64,144
world_map,func_80088FF4,0x80088ff4,40
world_map,func_8008901C,0x8008901c,268
world_map,func_80089128,0x80089128,56
world_map,func_80089160,0x80089160,640
world_map,func_800893E0,0x800893e0,232
world_map,func_800894C8,0x800894c8,76
world_map,func_80089514,0x80089514,108
world_map,func_80089580,0x80089580,456
world_map,func_80089748,0x80089748,1328
world_map,func_80089C78,0x80089c78,1616
world_map,func_8008A2C8,0x8008a2c8,612
world_map,func_8008A52C,0x8008a52c,140
world_map,func_8008A5B8,0x8008a5b8,372
world_map,func_8008A72C,0x8008a72c,2960
world_map,func_8008B2BC,0x8008b2bc,476
world_map,func_8008B498,0x8008b498,180
world_map,func_8008B54C,0x8008b54c,248
world_map,func_8008B644,0x8008b644,1276
world_map,func_8008BB40,0x8008bb40,476
world_map,func_8008BD1C,0x8008bd1c,180
world_map,func_8008BDD0,0x8008bdd0,248
world_map,func_8008BEC8,0x8008bec8,268
world_map,func_8008BFD4,0x8008bfd4,108
world_map,func_8008C040,0x8008c040,412
world_map,func_8008C1DC,0x8008c1dc,176
world_map,func_8008C28C,0x8008c28c,216
world_map,func_8008C364,0x8008c364,460
world_map,func_8008C530,0x8008c530,444
world_map,func_8008C6EC,0x8008c6ec,112
world_map,func_8008C75C,0x8008c75c,232
world_map,func_8008C844,0x8008c844,2988
world_map,func_8008D3F0,0x8008d3f0,304
world_map,func_8008D520,0x8008d520,112
world_map,func_8008D590,0x8008d590,232
world_map,func_8008D678,0x8008d678,1780
world_map,func_8008DD6C,0x8008dd6c,304
world_map,func_8008DE9C,0x8008de9c,112
world_map,func_8008DF0C,0x8008df0c,232
world_map,func_8008DFF4,0x8008dff4,64
world_map,func_8008E034,0x8008e034,68
world_map,func_8008E078,0x8008e078,120
world_map,func_8008E0F0,0x8008e0f0,160
world_map,func_8008E190,0x8008e190,868
world_map,func_8008E4F4,0x8008e4f4,396
world_map,func_8008E680,0x8008e680,236
world_map,func_8008E76C,0x8008e76c,8052
world_map,func_800906E0,0x800906e0,228
world_map,func_800907C4,0x800907c4,48
world_map,func_800907F4,0x800907f4,548
world_map,func_80090A18,0x80090a18,108
world_map,func_80090A84,0x80090a84,484
world_map,func_80090C68,0x80090c68,428
world_map,func_80090E14,0x80090e14,416
world_map,func_80090FB4,0x80090fb4,1148
world_map,func_80091430,0x80091430,160
world_map,func_800914D0,0x800914d0,1668
world_map,func_80091B54,0x80091b54,196
world_map,func_80091C18,0x80091c18,992
world_map,func_80091FF8,0x80091ff8,572
world_map,func_80092234,0x80092234,120
world_map,func_800922AC,0x800922ac,252
world_map,func_800923A8,0x800923a8,504
world_map,func_800925A0,0x800925a0,1604
world_map,func_80092BE4,0x80092be4,140
world_map,func_80092C70,0x80092c70,352
world_map,func_80092DD0,0x80092dd0,40
world_map,func_80092DF8,0x80092df8,480
world_map,func_80092FD8,0x80092fd8,472
world_map,func_800931B0,0x800931b0,40
world_map,func_800931D8,0x800931d8,380
world_map,func_80093354,0x80093354,152
world_map,func_800933EC,0x800933ec,152
world_map,func_80093484,0x80093484,176
world_map,func_80093534,0x80093534,168
world_map,func_800935DC,0x800935dc,132
world_map,func_80093660,0x80093660,224
world_map,func_80093740,0x80093740,568
world_map,func_80093978,0x80093978,228
world_map,func_80093A5C,0x80093a5c,1072
world_map,func_80093E8C,0x80093e8c,140
world_map,func_80093F18,0x80093f18,204
world_map,func_80093FE4,0x80093fe4,32
world_map,func_80094004,0x80094004,36
world_map,func_80094028,0x80094028,56
world_map,func_80094060,0x80094060,40
world_map,func_80094088,0x80094088,204
world_map,func_80094154,0x80094154,112
world_map,func_800941C4,0x800941c4,116
world_map,func_80094238,0x80094238,300
world_map,func_80094364,0x80094364,208
world_map,func_80094434,0x80094434,8
world_map,func_8009443C,0x8009443c,396
world_map,func_800945C8,0x800945c8,392
world_map,func_80094750,0x80094750,392
world_map,func_800948D8,0x800948d8,388
world_map,func_80094A5C,0x80094a5c,1868
world_map,func_800951A8,0x800951a8,264
world_map,func_800952B0,0x800952b0,116
world_map,func_80095324,0x80095324,240
world_map,func_80095414,0x80095414,2240
world_map,func_80095CD4,0x80095cd4,676
world_map,func_80095F78,0x80095f78,324
world_map,func_800960BC,0x800960bc,116
world_map,func_80096130,0x80096130,268
world_map,func_8009623C,0x8009623c,116
world_map,func_800962B0,0x800962b0,120
world_map,func_80096328,0x80096328,188
world_map,func_800963E4,0x800963e4,204
world_map,func_800964B0,0x800964b0,244
world_map,func_800965A4,0x800965a4,196
world_map,func_80096668,0x80096668,44
world_map,func_80096694,0x80096694,56
world_map,func_800966CC,0x800966cc,280
world_map,func_800967E4,0x800967e4,252
world_map,func_800968E0,0x800968e0,188
world_map,func_8009699C,0x8009699c,208
world_map,func_80096A6C,0x80096a6c,416
world_map,func_80096C0C,0x80096c0c,780
world_map,func_80096F18,0x80096f18,344
world_map,func_80097070,0x80097070,468
world_map,func_80097244,0x80097244,508
world_map,func_80097440,0x80097440,556
world_map,func_8009766C,0x8009766c,52
world_map,func_800976A0,0x800976a0,40
world_map,func_800976C8,0x800976c8,52
world_map,func_800976FC,0x800976fc,28
world_map,func_80097718,0x80097718,88
world_map,func_80097770,0x80097770,56
world_map,func_800977A8,0x800977a8,28
world_map,func_800977C4,0x800977c4,28
world_map,func_800977E0,0x800977e0,32
world_map,func_80097800,0x80097800,252
world_map,func_800978FC,0x800978fc,204
world_map,func_800979C8,0x800979c8,504
world_map,func_80097BC0,0x80097bc0,248
world_map,func_80097CB8,0x80097cb8,172
world_map,func_80097D64,0x80097d64,92
world_map,func_80097DC0,0x80097dc0,644
world_map,func_80098044,0x80098044,144
world_map,func_800980D4,0x800980d4,244
world_map,func_800981C8,0x800981c8,472
world_map,func_800983A0,0x800983a0,1036
world_map,func_800987AC,0x800987ac,1300
world_map,func_80098CC0,0x80098cc0,1644
world_map,func_8009932C,0x8009932c,988
world_map,func_80099708,0x80099708,260
world_map,func_8009980C,0x8009980c,1008
world_map,func_80099BFC,0x80099bfc,656
