function,matching_C_candidates,matching_ASM_candidates,linked_source
ArchiveCdDriveCommandHandler,src/slus_006.64/system/archive.c,,/var/home/blizz/Projects/xenogears-decomp-ai/pc_port/build_native/stubs.c:597
CdFlush,src/slus_006.64/psyq/libcd/sys.c,,/var/home/blizz/Projects/xenogears-decomp-ai/pc_port/build_native/stubs.c:598
ControllerInit,,,/var/home/blizz/Projects/xenogears-decomp-ai/pc_port/build_native/stubs.c:599
ShopMenuSellEquipmentMenu,,src/shop_menu/main/misc9.c,/var/home/blizz/Projects/xenogears-decomp-ai/pc_port/build_native/stubs.c:600
ShopMenuSellMenu,,src/shop_menu/main/misc9.c,/var/home/blizz/Projects/xenogears-decomp-ai/pc_port/build_native/stubs.c:601
func_800716D8,,src/battle/main.c,/var/home/blizz/Projects/xenogears-decomp-ai/pc_port/build_native/stubs.c:602
func_80076A10,src/battle/main4.c,,/var/home/blizz/Projects/xenogears-decomp-ai/pc_port/build_native/stubs.c:603
func_80076B68,src/battle/main5.c,,/var/home/blizz/Projects/xenogears-decomp-ai/pc_port/build_native/stubs.c:604
func_80076BF0,src/battle/main5.c,,/var/home/blizz/Projects/xenogears-decomp-ai/pc_port/build_native/stubs.c:605
func_80078508,,src/battle/main8.c,/var/home/blizz/Projects/xenogears-decomp-ai/pc_port/build_native/stubs.c:606
func_800785D4,,src/battle/main8.c,/var/home/blizz/Projects/xenogears-decomp-ai/pc_port/build_native/stubs.c:607
func_80078658,,src/battle/main8.c,/var/home/blizz/Projects/xenogears-decomp-ai/pc_port/build_native/stubs.c:608
func_800787E0,,src/battle/main8.c,/var/home/blizz/Projects/xenogears-decomp-ai/pc_port/build_native/stubs.c:609
func_8007FB70,,src/battle/main31.c,/var/home/blizz/Projects/xenogears-decomp-ai/pc_port/build_native/stubs.c:610
func_8007FDEC,src/battle/main32.c,,/var/home/blizz/Projects/xenogears-decomp-ai/pc_port/build_native/stubs.c:611
func_800800E8,src/battle/main33.c,,/var/home/blizz/Projects/xenogears-decomp-ai/pc_port/build_native/stubs.c:612
func_80089038,,src/battle/main40_p2.c,/var/home/blizz/Projects/xenogears-decomp-ai/pc_port/build_native/stubs.c:613
func_80089110,,src/battle/main40_p2.c,/var/home/blizz/Projects/xenogears-decomp-ai/pc_port/build_native/stubs.c:614
func_800891E4,,src/battle/main40_p2.c,/var/home/blizz/Projects/xenogears-decomp-ai/pc_port/build_native/stubs.c:615
func_80089348,,src/battle/main40_p2.c,/var/home/blizz/Projects/xenogears-decomp-ai/pc_port/build_native/stubs.c:616
func_8008946C,,src/battle/main40_p2.c,/var/home/blizz/Projects/xenogears-decomp-ai/pc_port/build_native/stubs.c:617
func_8008963C,,src/battle/main40_p2.c,/var/home/blizz/Projects/xenogears-decomp-ai/pc_port/build_native/stubs.c:618
func_800897CC,,src/battle/main40_p2.c,/var/home/blizz/Projects/xenogears-decomp-ai/pc_port/build_native/stubs.c:619
func_8008A274,src/battle/main42.c,,/var/home/blizz/Projects/xenogears-decomp-ai/pc_port/build_native/stubs.c:620
func_8008A3EC,,src/battle/main43.c,/var/home/blizz/Projects/xenogears-decomp-ai/pc_port/build_native/stubs.c:621
func_8008A684,,src/battle/main43.c,/var/home/blizz/Projects/xenogears-decomp-ai/pc_port/build_native/stubs.c:622
func_800941A4,,src/battle/main51.c,/var/home/blizz/Projects/xenogears-decomp-ai/pc_port/build_native/stubs.c:623
func_800A3490,,src/battle/main68.c,/var/home/blizz/Projects/xenogears-decomp-ai/pc_port/build_native/stubs.c:624
func_800A3514,,src/battle/main68.c,/var/home/blizz/Projects/xenogears-decomp-ai/pc_port/build_native/stubs.c:625
func_800A3578,,src/battle/main68.c,/var/home/blizz/Projects/xenogears-decomp-ai/pc_port/build_native/stubs.c:626
func_800A35C8,,src/battle/main68.c,/var/home/blizz/Projects/xenogears-decomp-ai/pc_port/build_native/stubs.c:627
func_800A9FF0,,src/battle/main70.c,/var/home/blizz/Projects/xenogears-decomp-ai/pc_port/build_native/stubs.c:628
func_800B1F6C,,src/battle/main77.c,/var/home/blizz/Projects/xenogears-decomp-ai/pc_port/build_native/stubs.c:629
func_800B7C34,,src/battle/mainc100.c,/var/home/blizz/Projects/xenogears-decomp-ai/pc_port/build_native/stubs.c:630
func_800B7E94,,src/battle/mainc100.c,/var/home/blizz/Projects/xenogears-decomp-ai/pc_port/build_native/stubs.c:631
func_800B8354,src/battle/main101.c,,/var/home/blizz/Projects/xenogears-decomp-ai/pc_port/build_native/stubs.c:632
func_800BC2F0,src/battle/mainc114.c;src/battle/mainc114_p2.c,,/var/home/blizz/Projects/xenogears-decomp-ai/pc_port/build_native/stubs.c:633
func_800BC460,src/battle/mainc115.c,,/var/home/blizz/Projects/xenogears-decomp-ai/pc_port/build_native/stubs.c:634
func_800BCD98,,src/battle/mainc118.c,/var/home/blizz/Projects/xenogears-decomp-ai/pc_port/build_native/stubs.c:635
func_800BD2E4,,src/battle/mainc118.c,/var/home/blizz/Projects/xenogears-decomp-ai/pc_port/build_native/stubs.c:636
func_800BDCF8,src/battle/mainc118.c,,/var/home/blizz/Projects/xenogears-decomp-ai/pc_port/build_native/stubs.c:637
func_800BE790,,src/battle/mainc122.c,/var/home/blizz/Projects/xenogears-decomp-ai/pc_port/build_native/stubs.c:638
func_801C93A8,,src/menu/main/misc.c,/var/home/blizz/Projects/xenogears-decomp-ai/pc_port/build_native/stubs.c:639
func_801CB304,,src/menu/main/misc.c,/var/home/blizz/Projects/xenogears-decomp-ai/pc_port/build_native/stubs.c:640
func_801CBCF0,,src/shop_menu/main/misc3.c,/var/home/blizz/Projects/xenogears-decomp-ai/pc_port/build_native/stubs.c:641
func_801CBD90,,src/menu/main/misc.c,/var/home/blizz/Projects/xenogears-decomp-ai/pc_port/build_native/stubs.c:642
func_801CBDBC,,,/var/home/blizz/Projects/xenogears-decomp-ai/pc_port/build_native/stubs.c:643
func_801CC278,,src/shop_menu/main/misc4.c,/var/home/blizz/Projects/xenogears-decomp-ai/pc_port/build_native/stubs.c:644
func_801CC6D8,,src/menu/main/misc.c,/var/home/blizz/Projects/xenogears-decomp-ai/pc_port/build_native/stubs.c:645
func_801CC720,,src/shop_menu/main/misc5.c,/var/home/blizz/Projects/xenogears-decomp-ai/pc_port/build_native/stubs.c:646
func_801CCFF4,,src/shop_menu/main/misc6.c,/var/home/blizz/Projects/xenogears-decomp-ai/pc_port/build_native/stubs.c:647
func_801CD2AC,,src/menu/main/misc.c,/var/home/blizz/Projects/xenogears-decomp-ai/pc_port/build_native/stubs.c:648
func_801CDD14,,src/shop_menu/main/misc7.c,/var/home/blizz/Projects/xenogears-decomp-ai/pc_port/build_native/stubs.c:649
func_801CE024,,,/var/home/blizz/Projects/xenogears-decomp-ai/pc_port/build_native/stubs.c:650
func_801CEB3C,,src/shop_menu/main/misc8.c,/var/home/blizz/Projects/xenogears-decomp-ai/pc_port/build_native/stubs.c:651
func_801D5ED4,,src/menu/main/misc.c,/var/home/blizz/Projects/xenogears-decomp-ai/pc_port/build_native/stubs.c:652
func_801D6338,,src/menu/main/misc.c,/var/home/blizz/Projects/xenogears-decomp-ai/pc_port/build_native/stubs.c:653
func_801D680C,,src/menu/main/misc.c,/var/home/blizz/Projects/xenogears-decomp-ai/pc_port/build_native/stubs.c:654
func_801D6CF4,,src/menu/main/misc.c,/var/home/blizz/Projects/xenogears-decomp-ai/pc_port/build_native/stubs.c:655
func_801D7154,,src/menu/main/misc.c,/var/home/blizz/Projects/xenogears-decomp-ai/pc_port/build_native/stubs.c:656
func_801D74EC,,src/menu/main/misc.c,/var/home/blizz/Projects/xenogears-decomp-ai/pc_port/build_native/stubs.c:657
func_801D7884,,src/menu/main/misc.c,/var/home/blizz/Projects/xenogears-decomp-ai/pc_port/build_native/stubs.c:658
func_801D9808,,src/menu/main/misc.c,/var/home/blizz/Projects/xenogears-decomp-ai/pc_port/build_native/stubs.c:659
func_801D9F98,,src/menu/main/misc.c,/var/home/blizz/Projects/xenogears-decomp-ai/pc_port/build_native/stubs.c:660
func_801DD790,,src/menu/main/misc.c,/var/home/blizz/Projects/xenogears-decomp-ai/pc_port/build_native/stubs.c:661
func_801E1014,,src/menu/main/misc.c,/var/home/blizz/Projects/xenogears-decomp-ai/pc_port/build_native/stubs.c:662
func_801E1AC8,,src/menu/main/misc.c,/var/home/blizz/Projects/xenogears-decomp-ai/pc_port/build_native/stubs.c:663
func_801E23CC,,src/menu/main/misc.c,/var/home/blizz/Projects/xenogears-decomp-ai/pc_port/build_native/stubs.c:664
func_801E4D10,,src/menu/main/misc.c,/var/home/blizz/Projects/xenogears-decomp-ai/pc_port/build_native/stubs.c:665
func_801E56E8,,src/menu/main/misc.c,/var/home/blizz/Projects/xenogears-decomp-ai/pc_port/build_native/stubs.c:666
func_801E5B88,,src/menu/main/misc.c,/var/home/blizz/Projects/xenogears-decomp-ai/pc_port/build_native/stubs.c:667
func_801E5E4C,,src/menu/main/misc.c,/var/home/blizz/Projects/xenogears-decomp-ai/pc_port/build_native/stubs.c:668
func_802811EC,,,/var/home/blizz/Projects/xenogears-decomp-ai/pc_port/build_native/stubs.c:669
func_8028125C,,,/var/home/blizz/Projects/xenogears-decomp-ai/pc_port/build_native/stubs.c:670
func_802812A4,,,/var/home/blizz/Projects/xenogears-decomp-ai/pc_port/build_native/stubs.c:671
func_80281400,,,/var/home/blizz/Projects/xenogears-decomp-ai/pc_port/build_native/stubs.c:672
func_80281450,,,/var/home/blizz/Projects/xenogears-decomp-ai/pc_port/build_native/stubs.c:673
func_802815B0,,,/var/home/blizz/Projects/xenogears-decomp-ai/pc_port/build_native/stubs.c:674
func_80281678,,,/var/home/blizz/Projects/xenogears-decomp-ai/pc_port/build_native/stubs.c:675
func_80281B00,,,/var/home/blizz/Projects/xenogears-decomp-ai/pc_port/build_native/stubs.c:676
func_80284EA4,,,/var/home/blizz/Projects/xenogears-decomp-ai/pc_port/build_native/stubs.c:677
start,,,/var/home/blizz/Projects/xenogears-decomp-ai/pc_port/build_native/stubs.c:678
