slots,handler,retail_address,audit_class,source_kind,source_path,source_line,native_generated_stub,native_authored_stub,direct_generated_stub_calls,direct_authored_stub_calls,mips_comparison,retail_size,current_size,relocation_checks,source_conditionals,source_markers,detail
00,func_800A1B70,0x800A1B70,RETAIL_MIPS_MATCH,c,src/field/scripts/virtual_machine.c,118,False,False,,,match,96,96,6,,,normalized instructions and relocation targets match
01,FieldScriptVMHandlerJmp,0x800A1E74,RETAIL_MIPS_MATCH,c,src/field/scripts/virtual_machine.c,217,False,False,,,match,40,40,3,,,normalized instructions and relocation targets match
02,FieldScriptVMHandlerConditionalJmp,0x800A1BD0,C_NONMATCHING_UNPROVEN,c,src/field/scripts/virtual_machine.c,125,False,False,,,relocation_target_mismatch,676,676,32,,,"matching comparison: relocation_target_mismatch; relative=0x1a4 current={} retail={('R_MIPS_HI16', 'jtbl_8006FD58', 0): 1}"
03,func_8009C104,0x8009C104,RETAIL_MIPS_MATCH,c,src/field/dialogue/text_box.c,173,False,False,,,match,40,40,3,,,normalized instructions and relocation targets match
04,func_800A1A8C,0x800A1A8C,RETAIL_MIPS_MATCH,c,src/field/scripts/virtual_machine.c,103,False,False,,,match,228,228,11,,,normalized instructions and relocation targets match
05,func_800A17F4,0x800A17F4,RETAIL_MIPS_MATCH,c,src/field/scripts/virtual_machine.c,48,False,False,,,match,196,196,15,,,normalized instructions and relocation targets match
06,func_800A1730,0x800A1730,RETAIL_MIPS_MATCH,c,src/field/scripts/virtual_machine.c,32,False,False,,,match,196,196,15,,,normalized instructions and relocation targets match
07,func_8009EB78,0x8009EB78,RETAIL_MIPS_MATCH,c,src/field/main/misc6.c,492,False,False,,,match,496,496,24,,,normalized instructions and relocation targets match
08,func_8009ED68,0x8009ED68,RETAIL_MIPS_MATCH,c,src/field/main/misc6.c,523,False,False,,,match,824,824,34,,,normalized instructions and relocation targets match
09,func_8009F0A0,0x8009F0A0,RETAIL_MIPS_MATCH,c,src/field/main/misc6.c,575,False,False,,,match,900,900,36,,,normalized instructions and relocation targets match
0A,FieldScriptHandleTriggerZone2D,0x8009533C,RETAIL_MIPS_MATCH,c,src/field/main/misc11.c,1559,False,False,,,match,484,484,26,,,normalized instructions and relocation targets match
0B,func_800A1624,0x800A1624,C_NONMATCHING_UNPROVEN,c,src/field/main/misc6.c,1589,False,False,,,size_mismatch,268,272,0,,,matching comparison: size_mismatch; current=272 retail=268
0C,func_8009F5A8,0x8009F5A8,RETAIL_MIPS_MATCH,c,src/field/main/misc6.c,682,False,False,,,match,76,76,7,,,normalized instructions and relocation targets match
0D,func_800A18B8,0x800A18B8,RETAIL_MIPS_MATCH,c,src/field/scripts/virtual_machine.c,64,False,False,,,match,248,248,16,,,normalized instructions and relocation targets match
0E,func_80092404,0x80092404,RETAIL_MIPS_MATCH,c,src/field/main/misc11.c,274,False,False,,,match,32,32,2,,,normalized instructions and relocation targets match
0F,func_800923E4,0x800923E4,RETAIL_MIPS_MATCH,c,src/field/main/misc11.c,270,False,False,,,match,32,32,2,,,normalized instructions and relocation targets match
10,func_80098C00,0x80098C00,RETAIL_MIPS_MATCH,c,src/field/main/misc7.c,624,False,False,,,match,60,60,3,,,normalized instructions and relocation targets match
11,func_80098C3C,0x80098C3C,RETAIL_MIPS_MATCH,c,src/field/main/misc7.c,629,False,False,,,match,112,112,6,,,normalized instructions and relocation targets match
12,func_80093200,0x80093200,RETAIL_MIPS_MATCH,c,src/field/main/misc11.c,705,False,False,,,match,208,208,23,,,normalized instructions and relocation targets match
13|FD|FF,FieldScriptVMHandlerNop,0x800A2FC0,RETAIL_MIPS_MATCH,c,src/field/scripts/virtual_machine.c,886,False,False,,,match,32,32,2,,,normalized instructions and relocation targets match
14,FieldScriptVMHandlerDisableRandomEncounters,0x80093C48,RETAIL_MIPS_MATCH,c,src/field/main/misc11.c,990,False,False,,,match,36,36,4,,,normalized instructions and relocation targets match
15,func_80093C6C,0x80093C6C,RETAIL_MIPS_MATCH,c,src/field/main/misc11.c,995,False,False,,,match,100,100,11,,,normalized instructions and relocation targets match
16,func_800A08B8,0x800A08B8,C_NONMATCHING_UNPROVEN,c,src/field/main/misc6.c,1244,False,False,,,size_mismatch,916,580,0,,,matching comparison: size_mismatch; current=580 retail=916
17,func_8009E91C,0x8009E91C,RETAIL_MIPS_MATCH,c,src/field/main/misc6.c,453,False,False,,,match,556,556,47,,,normalized instructions and relocation targets match
18,func_8009E83C,0x8009E83C,RETAIL_MIPS_MATCH,c,src/field/main/misc6.c,409,False,False,,,match,224,224,18,,,normalized instructions and relocation targets match
19,func_8009E4BC,0x8009E4BC,RETAIL_MIPS_MATCH,c,src/field/main/misc6.c,301,False,False,,,match,184,184,13,,,normalized instructions and relocation targets match
1A,func_8009E428,0x8009E428,RETAIL_MIPS_MATCH,c,src/field/main/misc6.c,289,False,False,,,match,148,148,11,,,normalized instructions and relocation targets match
1B,func_8009E35C,0x8009E35C,RETAIL_MIPS_MATCH,c,src/field/main/misc6.c,278,False,False,,,match,204,204,13,,,normalized instructions and relocation targets match
1C,func_8009E2C8,0x8009E2C8,RETAIL_MIPS_MATCH,c,src/field/main/misc6.c,267,False,False,,,match,104,104,8,,,normalized instructions and relocation targets match
1D,func_8009E248,0x8009E248,RETAIL_MIPS_MATCH,c,src/field/main/misc6.c,257,False,False,,,match,128,128,7,,,normalized instructions and relocation targets match
1E,func_8009E208,0x8009E208,RETAIL_MIPS_MATCH,c,src/field/main/misc6.c,249,False,False,,,match,64,64,2,,,normalized instructions and relocation targets match
1F,func_8009E1A0,0x8009E1A0,RETAIL_MIPS_MATCH,c,src/field/main/misc6.c,235,False,False,,,match,104,104,4,,,normalized instructions and relocation targets match
20,func_8009E10C,0x8009E10C,RETAIL_MIPS_MATCH,c,src/field/main/misc6.c,218,False,False,,,match,148,148,3,,,normalized instructions and relocation targets match
21,func_8009E094,0x8009E094,RETAIL_MIPS_MATCH,c,src/field/main/misc6.c,209,False,False,,,match,120,120,10,,,normalized instructions and relocation targets match
22,FieldScriptVMHandlerShowActor,0x8009DF10,RETAIL_MIPS_MATCH,c,src/field/main/misc6.c,178,False,False,,,match,104,104,6,,,normalized instructions and relocation targets match
23,FieldScriptVMHandlerHideActor,0x8009E040,RETAIL_MIPS_MATCH,c,src/field/main/misc6.c,202,False,False,,,match,84,84,6,,,normalized instructions and relocation targets match
24,FieldScriptVMHandlerShowActorById,0x8009DDEC,RETAIL_MIPS_MATCH,c,src/field/main/misc6.c,155,False,False,,,match,168,168,6,,,normalized instructions and relocation targets match
25,FieldScriptVMHandlerHideActorById,0x8009DE94,RETAIL_MIPS_MATCH,c,src/field/main/misc6.c,168,False,False,,,match,124,124,6,,,normalized instructions and relocation targets match
26,FieldScriptVMHandlerSleep,0x8009DD34,RETAIL_MIPS_MATCH,c,src/field/main/misc6.c,133,False,False,,,match,184,184,10,NPC_EVENT_MUTANT_NO_IP,,normalized instructions and relocation targets match
27,func_8009DC4C,0x8009DC4C,RETAIL_MIPS_MATCH,c,src/field/main/misc6.c,109,False,False,,,match,232,232,9,,,normalized instructions and relocation targets match
28,FieldScriptVMHandlerEnableActorVM,0x8009DBC8,RETAIL_MIPS_MATCH,c,src/field/main/misc6.c,99,False,False,,,match,132,132,6,,,normalized instructions and relocation targets match
29,func_8009DAC4,0x8009DAC4,RETAIL_MIPS_MATCH,c,src/field/main/misc6.c,81,False,False,,,match,260,260,12,,,normalized instructions and relocation targets match
2A,FieldScriptVMHandlerDisableDialogActivation,0x8009DA1C,RETAIL_MIPS_MATCH,c,src/field/main/misc6.c,61,False,False,,,match,40,40,2,,,normalized instructions and relocation targets match
2B,FieldScriptVMHandlerEnableDialogActivation,0x8009DA44,RETAIL_MIPS_MATCH,c,src/field/main/misc6.c,66,False,False,,,match,44,44,2,,,normalized instructions and relocation targets match
2C,FieldScriptVMHandlerPlayAnimation,0x8009A130,RETAIL_MIPS_MATCH,c,src/field/main/misc7.c,1194,False,False,,,match,68,68,4,,,normalized instructions and relocation targets match
2D,FieldScriptVMHandlerGetActorPosition,0x8009A024,RETAIL_MIPS_MATCH,c,src/field/main/misc7.c,1179,False,False,,,match,216,216,15,,,normalized instructions and relocation targets match
2E,FieldScriptVMHandlerGetActorDirection,0x80099FC4,RETAIL_MIPS_MATCH,c,src/field/main/misc7.c,1168,False,False,,,match,96,96,6,,,normalized instructions and relocation targets match
2F,FieldScriptVMWriteCurCharacterID,0x80099EF8,RETAIL_MIPS_MATCH,c,src/field/main/misc7.c,1148,False,False,,,match,80,80,6,,,normalized instructions and relocation targets match
30,FieldScriptVMWritePartyLeaderCharacterID,0x80099F48,RETAIL_MIPS_MATCH,c,src/field/main/misc7.c,1156,False,False,,,match,124,124,8,FIELD_VM_AUDIT_MUTANT_LEADER_CURRENT_ACTOR,,normalized instructions and relocation targets match
31,func_800961A0,0x800961A0,RETAIL_MIPS_MATCH,c,src/field/main/input_script_handlers.c,39,False,False,,,match,40,40,3,,,normalized instructions and relocation targets match
32,func_800961C8,0x800961C8,RETAIL_MIPS_MATCH,c,src/field/main/input_script_handlers.c,43,False,False,,,match,40,40,3,,,normalized instructions and relocation targets match
33,func_800961F0,0x800961F0,RETAIL_MIPS_MATCH,c,src/field/main/input_script_handlers.c,47,False,False,,,match,36,36,4,,,normalized instructions and relocation targets match
34,func_80096214,0x80096214,C_NONMATCHING_UNPROVEN,c,src/field/main/misc10.c,12,False,False,,,size_mismatch,172,160,0,,,matching comparison: size_mismatch; current=160 retail=172
35,FieldScriptVMHandlerVariableAssign,0x8009D9A4,RETAIL_MIPS_MATCH,c,src/field/scripts/variable_handlers.c,262,False,False,,,match,120,120,9,,,normalized instructions and relocation targets match
36,FieldScriptVMHandlerVariableSetTrue,0x8009D960,RETAIL_MIPS_MATCH,c,src/field/scripts/variable_handlers.c,254,False,False,,,match,68,68,4,,,normalized instructions and relocation targets match
37,FieldScriptVMHandlerVariableSetFalse,0x8009D91C,RETAIL_MIPS_MATCH,c,src/field/scripts/variable_handlers.c,246,False,False,,,match,68,68,4,,,normalized instructions and relocation targets match
38,FieldScriptVMHandlerVariableAdd,0x8009D890,RETAIL_MIPS_MATCH,c,src/field/scripts/variable_handlers.c,235,False,False,,,match,140,140,11,,,normalized instructions and relocation targets match
39,FieldScriptVMHandlerVariableSub,0x8009D804,RETAIL_MIPS_MATCH,c,src/field/scripts/variable_handlers.c,224,False,False,,,match,140,140,11,,,normalized instructions and relocation targets match
3A,FieldScriptVMHandlerVariableSetBit,0x8009D644,RETAIL_MIPS_MATCH,c,src/field/scripts/variable_handlers.c,183,False,False,,,match,148,148,11,,,normalized instructions and relocation targets match
3B,FieldScriptVMHandlerVariableUnsetBit,0x8009D408,RETAIL_MIPS_MATCH,c,src/field/scripts/variable_handlers.c,139,False,False,,,match,152,152,11,,,normalized instructions and relocation targets match
3C,FieldScriptVMHandlerIncVariable,0x8009D340,RETAIL_MIPS_MATCH,c,src/field/scripts/variable_handlers.c,123,False,False,,,match,100,100,6,,,normalized instructions and relocation targets match
3D,FieldScriptVMHandlerDecVariable,0x8009D3A4,RETAIL_MIPS_MATCH,c,src/field/scripts/variable_handlers.c,131,False,False,,,match,100,100,6,,,normalized instructions and relocation targets match
3E,FieldScriptVMHandlerVariableAND,0x8009D5B8,RETAIL_MIPS_MATCH,c,src/field/scripts/variable_handlers.c,172,False,False,,,match,140,140,11,,,normalized instructions and relocation targets match
3F,FieldScriptVMHandlerVariableOR,0x8009D52C,RETAIL_MIPS_MATCH,c,src/field/scripts/variable_handlers.c,161,False,False,,,match,140,140,11,,,normalized instructions and relocation targets match
40,FieldScriptVMHandlerVariableXOR,0x8009D4A0,RETAIL_MIPS_MATCH,c,src/field/scripts/variable_handlers.c,150,False,False,,,match,140,140,11,,,normalized instructions and relocation targets match
41,FieldScriptVMHandlerLShiftVariable,0x8009D2D0,RETAIL_MIPS_MATCH,c,src/field/scripts/variable_handlers.c,112,False,False,,,match,112,112,7,,,normalized instructions and relocation targets match
42,FieldScriptVMHandlerRShiftVariable,0x8009D260,RETAIL_MIPS_MATCH,c,src/field/scripts/variable_handlers.c,101,False,False,,,match,112,112,7,,,normalized instructions and relocation targets match
43,FieldScriptVMHandlerRandVariable,0x8009D198,RETAIL_MIPS_MATCH,c,src/field/scripts/variable_handlers.c,81,False,False,,,match,88,88,5,,,normalized instructions and relocation targets match
44,func_80098184,0x80098184,C_NONMATCHING_UNPROVEN,c,src/field/main/misc7.c,396,False,False,,,size_mismatch,240,228,0,,,matching comparison: size_mismatch; current=228 retail=240
45,func_80097864,0x80097864,C_NONMATCHING_UNPROVEN,c,src/field/main/misc7.c,158,False,False,,,size_mismatch,240,184,0,,,matching comparison: size_mismatch; current=184 retail=240
46,func_80092808,0x80092808,C_NONMATCHING_UNPROVEN,c,src/field/main/misc11.c,355,False,False,,,code_mismatch,140,140,2,,,matching comparison: code_mismatch; relative=0x8 current=27bdffe0 retail=27bdffe8 mask=ffffffff
47,func_80092EA0,0x80092EA0,RETAIL_MIPS_MATCH,c,src/field/main/misc11.c,545,False,False,,,match,164,164,15,,,normalized instructions and relocation targets match
48,func_80093CD0,0x80093CD0,RETAIL_MIPS_MATCH,c,src/field/main/misc11.c,1009,False,False,,,match,120,120,8,,,normalized instructions and relocation targets match
49,func_80093D48,0x80093D48,RETAIL_MIPS_MATCH,c,src/field/main/misc11.c,1025,False,False,,,match,232,232,16,,,normalized instructions and relocation targets match
4A,func_80099980,0x80099980,RETAIL_MIPS_MATCH,c,src/field/main/misc7.c,967,False,False,,,match,132,132,5,,,normalized instructions and relocation targets match
4B,func_80098430,0x80098430,PORT_OVERRIDE_UNPROVEN,native_c_override,src/field/main/misc7.c,476,False,False,,,match,188,188,9,else(ifdef XENO_PC_PORT)|ifdef XENO_PC_PORT,,native conditional body replaces retail fallback
4C,func_800979F0,0x800979F0,C_NONMATCHING_UNPROVEN,c,src/field/main/misc7.c,192,False,False,,,code_mismatch,96,96,2,,,matching comparison: code_mismatch; relative=0x1c current=00621821 retail=00431021 mask=ffffffff
4D,func_80097954,0x80097954,C_NONMATCHING_UNPROVEN,c,src/field/main/misc7.c,179,False,False,,,size_mismatch,156,136,0,,,matching comparison: size_mismatch; current=136 retail=156
4E,func_80098370,0x80098370,C_NONMATCHING_UNPROVEN,c,src/field/main/misc7.c,450,False,False,,,size_mismatch,192,204,0,,,matching comparison: size_mismatch; current=204 retail=192
4F,func_80098274,0x80098274,C_NONMATCHING_UNPROVEN,c,src/field/main/misc7.c,423,False,False,,,size_mismatch,252,240,0,,,matching comparison: size_mismatch; current=240 retail=252
50,func_800977A4,0x800977A4,C_NONMATCHING_UNPROVEN,c,src/field/main/misc7.c,139,False,False,,,size_mismatch,192,168,0,,,matching comparison: size_mismatch; current=168 retail=192
51,func_800976A8,0x800976A8,RETAIL_MIPS_MATCH,c,src/field/main/misc7.c,120,False,False,,,match,252,252,11,,,normalized instructions and relocation targets match
52,func_800980FC,0x800980FC,C_NONMATCHING_UNPROVEN,c,src/field/main/misc7.c,384,False,False,,,size_mismatch,136,124,0,,,matching comparison: size_mismatch; current=124 retail=136
53,func_80098038,0x80098038,C_NONMATCHING_UNPROVEN,c,src/field/main/misc7.c,365,False,False,,,size_mismatch,196,160,0,,,matching comparison: size_mismatch; current=160 retail=196
54,func_800975C0,0x800975C0,C_NONMATCHING_UNPROVEN,c,src/field/main/misc7.c,100,False,False,,,size_mismatch,232,228,0,,,matching comparison: size_mismatch; current=228 retail=232
55,func_8009749C,0x8009749C,C_NONMATCHING_UNPROVEN,c,src/field/main/misc7.c,64,False,False,,,size_mismatch,292,296,0,,,matching comparison: size_mismatch; current=296 retail=292
56,func_80093014,0x80093014,PORT_OVERRIDE_UNPROVEN,c,src/field/main/misc11.c,605,False,False,,,size_mismatch,484,480,0,ifdef XENO_PC_PORT,,native conditional body replaces retail fallback; current=480 retail=484
57,func_80099214,0x80099214,C_NONMATCHING_UNPROVEN,c,src/field/main/misc7.c,758,False,False,,,size_mismatch,1900,1796,0,,,matching comparison: size_mismatch; current=1796 retail=1900
58,func_80094918,0x80094918,RETAIL_MIPS_MATCH,c,src/field/main/misc11.c,1278,False,False,,,match,324,324,28,,,normalized instructions and relocation targets match
59,func_8009F4CC,0x8009F4CC,RETAIL_MIPS_MATCH,c,src/field/main/misc6.c,652,False,False,,,match,220,220,15,,,normalized instructions and relocation targets match
5A,func_8009524C,0x8009524C,RETAIL_MIPS_MATCH,c,src/field/main/misc11.c,1519,False,False,,,match,56,56,3,,,normalized instructions and relocation targets match
5B,func_80095284,0x80095284,C_NONMATCHING_UNPROVEN,c,src/field/main/misc11.c,1531,False,False,,,size_mismatch,124,120,0,,,matching comparison: size_mismatch; current=120 retail=124
5C,func_800A0228,0x800A0228,C_NONMATCHING_UNPROVEN,c,src/field/main/misc6.c,1083,False,False,,,size_mismatch,764,644,0,,,matching comparison: size_mismatch; current=644 retail=764
5D,func_8009A174,0x8009A174,RETAIL_MIPS_MATCH,c,src/field/main/misc7.c,1203,False,False,,,match,56,56,3,,,normalized instructions and relocation targets match
5E,func_8009A1AC,0x8009A1AC,RETAIL_MIPS_MATCH,c,src/field/main/misc7.c,1208,False,False,,,match,56,56,2,,,normalized instructions and relocation targets match
5F,func_8009AD6C,0x8009AD6C,RETAIL_MIPS_MATCH,c,src/field/main/misc7.c,1548,False,False,,,match,112,112,10,,,normalized instructions and relocation targets match
60,FieldScriptResetCameraTargetMovement,0x8008FDD0,RETAIL_MIPS_MATCH,c,src/field/camera/camera_movement.c,164,False,False,,,match,92,92,18,,,normalized instructions and relocation targets match
61,FieldScriptSetCameraTargetMovementFrom,0x8008FE2C,RETAIL_MIPS_MATCH,c,src/field/camera/camera_movement.c,172,False,False,,,match,216,216,27,,,normalized instructions and relocation targets match
62,FieldScriptSetCameraTargetMovementDestToActor,0x8008FF04,RETAIL_MIPS_MATCH,c,src/field/camera/camera_movement.c,181,False,False,,,match,140,140,15,,,normalized instructions and relocation targets match
63,FieldScriptSetCameraTargetMovementDest,0x8008FF90,RETAIL_MIPS_MATCH,c,src/field/camera/camera_movement.c,190,False,False,,,match,216,216,27,,,normalized instructions and relocation targets match
64,FieldScriptResetCameraPosMovement,0x80090068,RETAIL_MIPS_MATCH,c,src/field/camera/camera_movement.c,199,False,False,,,match,92,92,18,,,normalized instructions and relocation targets match
65,FieldScriptSetCameraPosMovementFrom,0x800900C4,RETAIL_MIPS_MATCH,c,src/field/camera/camera_movement.c,207,False,False,,,match,216,216,27,,,normalized instructions and relocation targets match
66,FieldScriptSetCameraPosMovementDestToActor,0x8009019C,RETAIL_MIPS_MATCH,c,src/field/camera/camera_movement.c,215,False,False,,,match,140,140,15,,,normalized instructions and relocation targets match
67,FieldScriptSetActorDirection,0x8009ABFC,RETAIL_MIPS_MATCH,c,src/field/main/misc7.c,1508,False,False,,,match,56,56,4,,,normalized instructions and relocation targets match
68,func_8009AC34,0x8009AC34,RETAIL_MIPS_MATCH,c,src/field/main/misc7.c,1514,False,False,,,match,72,72,6,,,normalized instructions and relocation targets match
69,FieldScriptVMHandlerSetCurActorRotation,0x8009AC7C,RETAIL_MIPS_MATCH,c,src/field/main/misc7.c,1521,False,False,,,match,56,56,4,,,normalized instructions and relocation targets match
6A,func_8009ACB4,0x8009ACB4,RETAIL_MIPS_MATCH,c,src/field/main/misc7.c,1526,False,False,,,match,56,56,4,,,normalized instructions and relocation targets match
6B,FieldScriptRotateActorClockwise,0x8009AB5C,RETAIL_MIPS_MATCH,c,src/field/main/misc7.c,1493,False,False,,,match,80,80,5,,,normalized instructions and relocation targets match
6C,FieldScriptRotateActorCounterClockwise,0x8009ABAC,RETAIL_MIPS_MATCH,c,src/field/main/misc7.c,1501,False,False,,,match,80,80,5,,,normalized instructions and relocation targets match
6D,FieldScriptCos,0x8009A6AC,RETAIL_MIPS_MATCH,c,src/field/main/misc7.c,1347,False,False,,,match,188,188,15,,,normalized instructions and relocation targets match
6E,FieldScriptSin,0x8009A768,RETAIL_MIPS_MATCH,c,src/field/main/misc7.c,1361,False,False,,,match,188,188,15,,,normalized instructions and relocation targets match
6F,func_8009A2A8,0x8009A2A8,RETAIL_MIPS_MATCH,c,src/field/main/misc7.c,1243,False,False,,,match,164,164,10,,,normalized instructions and relocation targets match
70,func_8009A1E4,0x8009A1E4,C_NONMATCHING_UNPROVEN,c,src/field/main/misc7.c,1217,False,False,,,size_mismatch,196,200,0,,,matching comparison: size_mismatch; current=200 retail=196
71,func_80093568,0x80093568,RETAIL_MIPS_MATCH,c,src/field/main/misc11.c,797,False,False,,,match,252,252,34,,,normalized instructions and relocation targets match
72,func_8008F724,0x8008F724,RETAIL_MIPS_MATCH,c,src/field/main/misc.c,3158,False,False,,,match,72,72,8,,,normalized instructions and relocation targets match
73,func_80086C34,0x80086C34,C_NONMATCHING_UNPROVEN,c,src/field/main/misc8.c,3451,False,False,,,size_mismatch,280,268,0,,,matching comparison: size_mismatch; current=268 retail=280
74,func_8008F668,0x8008F668,RETAIL_MIPS_MATCH,c,src/field/main/misc.c,3138,False,False,,,match,68,68,4,,,normalized instructions and relocation targets match
75,func_8008F76C,0x8008F76C,RETAIL_MIPS_MATCH,c,src/field/main/misc.c,3167,False,False,,,match,76,76,8,,,normalized instructions and relocation targets match
76,func_80093A68,0x80093A68,RETAIL_MIPS_MATCH,c,src/field/main/misc11.c,930,False,False,,,match,48,48,4,,,normalized instructions and relocation targets match
77,func_80093A98,0x80093A98,RETAIL_MIPS_MATCH,c,src/field/main/misc11.c,935,False,False,,,match,48,48,4,,,normalized instructions and relocation targets match
78,func_800973A4,0x800973A4,RETAIL_MIPS_MATCH,c,src/field/main/misc7.c,48,False,False,,,match,108,108,8,,,normalized instructions and relocation targets match
79,FieldScriptVMHandlerRestoreHp,0x80097264,RETAIL_MIPS_MATCH,c,src/field/party/stats.c,187,False,False,,,match,72,72,4,,,normalized instructions and relocation targets match
7A,FieldScriptVMHandlerRestoreMp,0x800972AC,RETAIL_MIPS_MATCH,c,src/field/party/stats.c,195,False,False,,,match,72,72,4,,,normalized instructions and relocation targets match
7B,FieldScriptVMHandlerDecreasePartyHp,0x800969FC,RETAIL_MIPS_MATCH,c,src/field/party/stats.c,43,False,False,,,match,248,248,16,,,normalized instructions and relocation targets match
7C,FieldScriptVMHandlerIncreasePartyMp,0x80096F18,RETAIL_MIPS_MATCH,c,src/field/party/stats.c,127,False,False,,,match,248,248,16,,,normalized instructions and relocation targets match
7D,FieldScriptVMHandlerDecreasePartyMp,0x80097010,RETAIL_MIPS_MATCH,c,src/field/party/stats.c,144,False,False,,,match,248,248,16,,,normalized instructions and relocation targets match
7E,func_80097108,0x80097108,C_NONMATCHING_UNPROVEN,c,src/field/party/stats.c,165,False,False,,,size_mismatch,248,252,0,,,matching comparison: size_mismatch; current=252 retail=248
7F,func_80095300,0x80095300,RETAIL_MIPS_MATCH,c,src/field/main/misc11.c,1552,False,False,,,match,60,60,5,,,normalized instructions and relocation targets match
80,func_80092664,0x80092664,RETAIL_MIPS_MATCH,c,src/field/main/misc11.c,336,False,False,,,match,100,100,8,,,normalized instructions and relocation targets match
81,func_800926C8,0x800926C8,C_NONMATCHING_UNPROVEN,c,src/field/main/misc11.c,341,False,False,,,code_mismatch,160,160,5,,,matching comparison: code_mismatch; relative=0x38 current=34040003 retail=00408021 mask=ffffffff
82,func_80093664,0x80093664,C_NONMATCHING_UNPROVEN,c,src/field/main/misc11.c,813,False,False,,,code_mismatch,128,128,7,,,matching comparison: code_mismatch; relative=0x4c current=3205ffff retail=02002821 mask=ffffffff
83,func_80092768,0x80092768,C_NONMATCHING_UNPROVEN,c,src/field/main/misc11.c,348,False,False,,,code_mismatch,160,160,5,,,matching comparison: code_mismatch; relative=0x38 current=34040003 retail=00408021 mask=ffffffff
84,FieldScriptCheckScenarioFlagsLessThan,0x80096644,RETAIL_MIPS_MATCH,c,src/field/game_logic/scenario_flags.c,5,False,False,,,match,112,112,8,,,normalized instructions and relocation targets match
85,FieldScriptCheckScenarioFlagsGreaterThan,0x800966B4,RETAIL_MIPS_MATCH,c,src/field/game_logic/scenario_flags.c,18,False,False,,,match,112,112,8,,,normalized instructions and relocation targets match
86,FieldScriptCheckScenarioFlagsEqual,0x80096724,RETAIL_MIPS_MATCH,c,src/field/game_logic/scenario_flags.c,31,False,False,,,match,108,108,8,,,normalized instructions and relocation targets match
87,FieldScriptSetScenarioFlags,0x80096790,RETAIL_MIPS_MATCH,c,src/field/game_logic/scenario_flags.c,44,False,False,,,match,88,88,8,,,normalized instructions and relocation targets match
88,FieldScriptGetScenarioFlags,0x800967E8,RETAIL_MIPS_MATCH,c,src/field/game_logic/scenario_flags.c,53,False,False,,,match,92,92,5,,,normalized instructions and relocation targets match
89,FieldScriptCheckActorDistance,0x80095E48,RETAIL_MIPS_MATCH,c,src/field/main/misc11.c,1814,False,False,,,match,220,220,14,,,normalized instructions and relocation targets match
8A,FieldScriptCheckActorOnScreen,0x80095C00,RETAIL_MIPS_MATCH,c,src/field/main/misc11.c,1759,False,False,,,match,196,196,14,,,normalized instructions and relocation targets match
8B,func_800962C0,0x800962C0,RETAIL_MIPS_MATCH,c,src/field/main/misc10.c,28,False,False,,,match,92,92,8,,,normalized instructions and relocation targets match
8C,func_8009631C,0x8009631C,RETAIL_MIPS_MATCH,c,src/field/main/misc10.c,36,False,False,,,match,64,64,4,,,normalized instructions and relocation targets match
8D,func_8009640C,0x8009640C,C_NONMATCHING_UNPROVEN,c,src/field/main/misc10.c,63,False,False,,,size_mismatch,164,148,0,,,matching comparison: size_mismatch; current=148 retail=164
8E,FieldScriptCheckGoldAmount,0x80095F24,RETAIL_MIPS_MATCH,c,src/field/game_logic/gold.c,8,False,False,,,match,148,148,10,,,normalized instructions and relocation targets match
8F,FieldScriptIncreaseGold,0x80095FB8,RETAIL_MIPS_MATCH,c,src/field/game_logic/gold.c,21,False,False,,,match,100,100,5,,,normalized instructions and relocation targets match
90,FieldScriptDecreaseGold,0x8009601C,RETAIL_MIPS_MATCH,c,src/field/game_logic/gold.c,34,False,False,,,match,92,92,5,,,normalized instructions and relocation targets match
91,FieldScriptCheckPartyMember,0x800964B0,RETAIL_MIPS_MATCH,c,src/field/main/misc10.c,79,False,False,,,match,132,132,10,,,normalized instructions and relocation targets match
92,func_800A19B0,0x800A19B0,RETAIL_MIPS_MATCH,c,src/field/scripts/virtual_machine.c,81,False,False,,,match,220,220,12,,,normalized instructions and relocation targets match
93,func_800A1364,0x800A1364,RETAIL_MIPS_MATCH,c,src/field/main/misc6.c,1534,False,False,,,match,396,396,33,,,normalized instructions and relocation targets match
94,func_800945D4,0x800945D4,RETAIL_MIPS_MATCH,c,src/field/main/misc11.c,1206,False,False,,,match,124,124,9,,,normalized instructions and relocation targets match
95,func_80094650,0x80094650,RETAIL_MIPS_MATCH,c,src/field/main/misc11.c,1216,False,False,,,match,60,60,6,,,normalized instructions and relocation targets match
96,func_8009468C,0x8009468C,RETAIL_MIPS_MATCH,c,src/field/main/misc11.c,1221,False,False,,,match,48,48,6,,,normalized instructions and relocation targets match
97,FieldScriptSetDollySet,0x8009A634,RETAIL_MIPS_MATCH,c,src/field/main/misc7.c,1337,False,False,,,match,60,60,5,,,normalized instructions and relocation targets match
98,func_800932D0,0x800932D0,RETAIL_MIPS_MATCH,c,src/field/main/misc11.c,729,False,False,,,match,296,296,32,,,normalized instructions and relocation targets match
99,func_8008FB98,0x8008FB98,PORT_OVERRIDE_UNPROVEN,c,src/field/camera/camera_movement.c,77,False,False,,,match,180,180,32,XENO_PC_PORT,,native conditional body replaces retail fallback
9A,func_8008FC4C,0x8008FC4C,PORT_OVERRIDE_UNPROVEN,c,src/field/camera/camera_movement.c,101,False,False,,,size_mismatch,244,236,0,XENO_PC_PORT,,native conditional body replaces retail fallback; current=236 retail=244
9B,FieldScriptSetCameraInterpolationStep,0x8008FD40,RETAIL_MIPS_MATCH,c,src/field/camera/camera_movement.c,149,False,False,,,match,144,144,14,,,normalized instructions and relocation targets match
9C,func_8009BB0C,0x8009BB0C,RETAIL_MIPS_MATCH,c,src/field/dialogue/text_box.c,42,False,False,,,match,396,396,24,,,normalized instructions and relocation targets match
9D,func_8009A34C,0x8009A34C,C_NONMATCHING_UNPROVEN,c,src/field/main/misc7.c,1260,False,False,,,size_mismatch,212,208,0,,,matching comparison: size_mismatch; current=208 retail=212
9E,func_8009B9A0,0x8009B9A0,C_NONMATCHING_UNPROVEN,c,src/field/main/misc7.c,1932,False,False,,,size_mismatch,108,104,0,,,matching comparison: size_mismatch; current=104 retail=108
9F,func_8009BA0C,0x8009BA0C,RETAIL_MIPS_MATCH,c,src/field/main/misc7.c,1942,False,False,,,match,112,112,13,,,normalized instructions and relocation targets match
A0,func_8009BA7C,0x8009BA7C,C_NONMATCHING_UNPROVEN,c,src/field/main/misc7.c,1951,False,False,,,size_mismatch,144,140,0,,,matching comparison: size_mismatch; current=140 retail=144
A1,FieldScriptSetDollyStop,0x8009A670,RETAIL_MIPS_MATCH,c,src/field/main/misc7.c,1342,False,False,,,match,60,60,5,,,normalized instructions and relocation targets match
A2,func_8009A58C,0x8009A58C,RETAIL_MIPS_MATCH,c,src/field/main/misc7.c,1321,False,False,,,match,84,84,9,,,normalized instructions and relocation targets match
A3,FieldScriptSetCameraPosMovementDest,0x80090228,RETAIL_MIPS_MATCH,c,src/field/camera/camera_movement.c,224,False,False,,,match,216,216,27,,,normalized instructions and relocation targets match
A4,func_8009A490,0x8009A490,RETAIL_MIPS_MATCH,c,src/field/main/misc7.c,1301,False,False,,,match,132,132,12,,,normalized instructions and relocation targets match
A5,FieldScriptWriteCameraDirection,0x8009A534,RETAIL_MIPS_MATCH,c,src/field/main/misc7.c,1315,False,False,,,match,88,88,5,,,normalized instructions and relocation targets match
A6,func_80097410,0x80097410,RETAIL_MIPS_MATCH,c,src/field/main/misc7.c,54,False,False,,,match,60,60,3,,,normalized instructions and relocation targets match
A7,func_8009F5F4,0x8009F5F4,PORT_OVERRIDE_UNPROVEN,c,src/field/main/misc6.c,714,False,False,,,size_mismatch,1036,964,0,FIELD_VM_AUDIT_MUTANT_UPDATE_CHARACTER_ALLOW_MATERIAL|FIELD_VM_AUDIT_MUTANT_UPDATE_CHARACTER_INVERT_RESULT|FIELD_VM_AUDIT_MUTANT_UPDATE_CHARACTER_SKIP_COOLDOWN|XENO_PC_PORT,,native conditional body replaces retail fallback; current=964 retail=1036
A8,FieldScriptVMHandlerMulVariableWithRand,0x8009D1F0,RETAIL_MIPS_MATCH,c,src/field/scripts/variable_handlers.c,89,False,False,,,match,112,112,6,,,normalized instructions and relocation targets match
A9,func_8009BC98,0x8009BC98,C_NONMATCHING_UNPROVEN,c,src/field/dialogue/text_box.c,73,False,False,,,size_mismatch,448,432,0,,,matching comparison: size_mismatch; current=432 retail=448
AA,func_8009ACEC,0x8009ACEC,RETAIL_MIPS_MATCH,c,src/field/main/misc7.c,1534,False,False,,,match,128,128,12,,,normalized instructions and relocation targets match
AB,FieldScriptResetCameraMovements,0x80090300,RETAIL_MIPS_MATCH,c,src/field/camera/camera_movement.c,232,False,False,,,match,188,188,42,,,normalized instructions and relocation targets match
AC,FieldScriptStartCameraMovement,0x800903BC,C_NONMATCHING_UNPROVEN,c,src/field/camera/camera_movement.c,253,False,False,,,code_mismatch,1620,1620,7,,,matching comparison: code_mismatch; relative=0x80 current=3c010000 retail=3c040000 mask=ffff0000
AD,FieldScriptWriteCameraTweenTarget,0x80090B18,RETAIL_MIPS_MATCH,c,src/field/camera/camera_movement.c,413,False,False,,,match,132,132,18,,,normalized instructions and relocation targets match
AE,FieldScriptWriteCameraTweenPosition,0x80090B9C,RETAIL_MIPS_MATCH,c,src/field/camera/camera_movement.c,422,False,False,,,match,132,132,18,,,normalized instructions and relocation targets match
AF,func_80090C20,0x80090C20,RETAIL_MIPS_MATCH,c,src/field/camera/camera_movement.c,434,False,False,,,match,152,152,18,,,normalized instructions and relocation targets match
B0,func_80090CB8,0x80090CB8,RETAIL_MIPS_MATCH,c,src/field/camera/camera_movement.c,447,False,False,,,match,152,152,18,,,normalized instructions and relocation targets match
B1,func_80090D50,0x80090D50,RETAIL_MIPS_MATCH,c,src/field/camera/camera_movement.c,460,False,False,,,match,156,156,18,,,normalized instructions and relocation targets match
B2,func_8009A5E0,0x8009A5E0,RETAIL_MIPS_MATCH,c,src/field/main/misc7.c,1329,False,False,,,match,84,84,9,,,normalized instructions and relocation targets match
B3,FieldScriptFadeOut,0x8009731C,RETAIL_MIPS_MATCH,c,src/field/main/misc7.c,33,False,False,,,match,72,72,5,,,normalized instructions and relocation targets match
B4,FieldScriptFadeIn,0x80097364,RETAIL_MIPS_MATCH,c,src/field/main/misc7.c,42,False,False,,,match,64,64,4,,,normalized instructions and relocation targets match
B5,func_8009B8E4,0x8009B8E4,C_NONMATCHING_UNPROVEN,c,src/field/main/misc7.c,1913,False,False,,,size_mismatch,188,212,0,,,matching comparison: size_mismatch; current=212 retail=188
B6,func_8009B6AC,0x8009B6AC,RETAIL_MIPS_MATCH,c,src/field/main/misc7.c,1849,False,False,,,match,92,92,5,,,normalized instructions and relocation targets match
B7,func_8009ADDC,0x8009ADDC,RETAIL_MIPS_MATCH,c,src/field/main/misc7.c,1561,False,False,,,match,48,48,4,,,normalized instructions and relocation targets match
B8,func_8009AE0C,0x8009AE0C,RETAIL_MIPS_MATCH,c,src/field/main/misc7.c,1566,False,False,,,match,48,48,4,,,normalized instructions and relocation targets match
B9,func_80096534,0x80096534,RETAIL_MIPS_MATCH,c,src/field/main/misc10.c,91,False,False,,,match,116,116,10,,,normalized instructions and relocation targets match
BA,func_800965A8,0x800965A8,RETAIL_MIPS_MATCH,c,src/field/main/misc10.c,101,False,False,,,match,76,76,6,,,normalized instructions and relocation targets match
BB,func_800965F4,0x800965F4,RETAIL_MIPS_MATCH,c,src/field/main/misc10.c,106,False,False,,,match,80,80,6,,,normalized instructions and relocation targets match
BC,func_800A0D3C,0x800A0D3C,RETAIL_MIPS_MATCH,c,src/field/main/misc6.c,1321,False,False,,,match,132,132,8,,,normalized instructions and relocation targets match
BD,func_80094A5C,0x80094A5C,RETAIL_MIPS_MATCH,c,src/field/main/misc11.c,1295,False,False,,,match,112,112,8,,,normalized instructions and relocation targets match
BE,func_80094ACC,0x80094ACC,RETAIL_MIPS_MATCH,c,src/field/main/misc11.c,1302,False,False,,,match,112,112,8,,,normalized instructions and relocation targets match
BF,func_80094B3C,0x80094B3C,RETAIL_MIPS_MATCH,c,src/field/main/misc11.c,1309,False,False,,,match,112,112,8,,,normalized instructions and relocation targets match
C0,func_80094BAC,0x80094BAC,RETAIL_MIPS_MATCH,c,src/field/main/misc11.c,1316,False,False,,,match,112,112,8,,,normalized instructions and relocation targets match
C1,func_80094C1C,0x80094C1C,RETAIL_MIPS_MATCH,c,src/field/main/misc11.c,1323,False,False,,,match,112,112,8,,,normalized instructions and relocation targets match
C2,func_80094C8C,0x80094C8C,RETAIL_MIPS_MATCH,c,src/field/main/misc11.c,1330,False,False,,,match,112,112,8,,,normalized instructions and relocation targets match
C3,func_800972F4,0x800972F4,RETAIL_MIPS_MATCH,c,src/field/main/misc7.c,28,False,False,,,match,40,40,4,,,normalized instructions and relocation targets match
C4,func_80093E30,0x80093E30,RETAIL_MIPS_MATCH,c,src/field/main/misc11.c,1052,False,False,,,match,400,400,24,,,normalized instructions and relocation targets match
C5,func_80093FC0,0x80093FC0,RETAIL_MIPS_MATCH,c,src/field/main/misc11.c,1080,False,False,,,match,408,408,24,,,normalized instructions and relocation targets match
C6,func_800A1E9C,0x800A1E9C,RETAIL_MIPS_MATCH,c,src/field/scripts/virtual_machine.c,221,False,False,,,match,44,44,6,,,normalized instructions and relocation targets match
C7,func_8009B824,0x8009B824,RETAIL_MIPS_MATCH,c,src/field/main/misc7.c,1896,False,False,,,match,96,96,8,,,normalized instructions and relocation targets match
C8,func_8009B884,0x8009B884,RETAIL_MIPS_MATCH,c,src/field/main/misc7.c,1904,False,False,,,match,96,96,8,,,normalized instructions and relocation targets match
C9,FieldScriptCheckTriggerZone2D,0x80095734,RETAIL_MIPS_MATCH,c,src/field/main/misc11.c,1643,False,False,,,match,396,396,24,,,normalized instructions and relocation targets match
CA,FieldScriptAtan2,0x8009A824,RETAIL_MIPS_MATCH,c,src/field/main/misc7.c,1375,False,False,,,match,184,184,15,,,normalized instructions and relocation targets match
CB,FieldScriptCheckTriggerZone,0x800958C0,RETAIL_MIPS_MATCH,c,src/field/main/misc11.c,1677,False,False,,,match,444,444,24,,,normalized instructions and relocation targets match
CC,FieldScriptHandleTriggerZone,0x80095520,RETAIL_MIPS_MATCH,c,src/field/main/misc11.c,1600,False,False,,,match,532,532,26,,,normalized instructions and relocation targets match
CD,func_8009DA70,0x8009DA70,RETAIL_MIPS_MATCH,c,src/field/main/misc6.c,71,False,False,,,match,40,40,2,,,normalized instructions and relocation targets match
CE,func_8009DA98,0x8009DA98,RETAIL_MIPS_MATCH,c,src/field/main/misc6.c,76,False,False,,,match,44,44,2,,,normalized instructions and relocation targets match
CF,func_8009CE48,0x8009CE48,RETAIL_MIPS_MATCH,c,src/field/dialogue/text_box.c,565,False,False,,,match,152,152,10,,,normalized instructions and relocation targets match
D0,func_8009CEE0,0x8009CEE0,RETAIL_MIPS_MATCH,c,src/field/dialogue/text_box.c,575,False,False,,,match,144,144,15,,,normalized instructions and relocation targets match
D1,func_8009CF70,0x8009CF70,RETAIL_MIPS_MATCH,c,src/field/scripts/variable_handlers.c,5,False,False,,,match,8,8,0,,,normalized instructions and relocation targets match
D2,func_8009C0B4,0x8009C0B4,RETAIL_MIPS_MATCH,c,src/field/dialogue/text_box.c,165,False,False,,,match,40,40,3,,,normalized instructions and relocation targets match
D3,func_8009C0DC,0x8009C0DC,RETAIL_MIPS_MATCH,c,src/field/dialogue/text_box.c,169,False,False,,,match,40,40,3,,,normalized instructions and relocation targets match
D4,func_8009C01C,0x8009C01C,RETAIL_MIPS_MATCH,c,src/field/dialogue/text_box.c,147,False,False,,,match,152,152,10,,,normalized instructions and relocation targets match
D5,FieldScriptVMHandlerSetControllerBtnMask,0x80092628,RETAIL_MIPS_MATCH,c,src/field/main/misc11.c,331,False,False,,,match,60,60,5,,,normalized instructions and relocation targets match
D6,func_800925A0,0x800925A0,RETAIL_MIPS_MATCH,c,src/field/main/misc11.c,320,False,False,,,match,136,136,9,,,normalized instructions and relocation targets match
D7,func_800946BC,0x800946BC,RETAIL_MIPS_MATCH,c,src/field/main/misc11.c,1227,False,False,,,match,84,84,5,,,normalized instructions and relocation targets match
D8,func_80094710,0x80094710,RETAIL_MIPS_MATCH,c,src/field/main/misc11.c,1233,False,False,,,match,84,84,5,,,normalized instructions and relocation targets match
D9,func_80094764,0x80094764,RETAIL_MIPS_MATCH,c,src/field/main/misc11.c,1239,False,False,,,match,76,76,5,,,normalized instructions and relocation targets match
DA,func_800921E8,0x800921E8,C_NONMATCHING_UNPROVEN,c,src/field/main/misc11.c,223,False,False,,,size_mismatch,508,592,0,,,matching comparison: size_mismatch; current=592 retail=508
DB,func_80091F84,0x80091F84,RETAIL_MIPS_MATCH,c,src/field/main/misc11.c,163,False,False,,,match,192,192,10,,,normalized instructions and relocation targets match
DC,func_80092044,0x80092044,C_NONMATCHING_UNPROVEN,c,src/field/main/misc11.c,176,False,False,,,code_mismatch,148,148,6,,,matching comparison: code_mismatch; relative=0x48 current=3205ffff retail=02002821 mask=ffffffff
DD,func_80091E00,0x80091E00,C_NONMATCHING_UNPROVEN,c,src/field/main/misc11.c,121,False,False,,,size_mismatch,152,156,0,,,matching comparison: size_mismatch; current=156 retail=152
DE,FieldScriptVMHandlerVariableMul,0x8009D6D8,RETAIL_MIPS_MATCH,c,src/field/scripts/variable_handlers.c,194,False,False,,,match,144,144,11,,,normalized instructions and relocation targets match
DF,FieldScriptVMHandlerVariableDiv,0x8009D768,RETAIL_MIPS_MATCH,c,src/field/scripts/variable_handlers.c,205,False,False,,,match,156,156,11,,,normalized instructions and relocation targets match
E0,func_80091E98,0x80091E98,C_NONMATCHING_UNPROVEN,c,src/field/main/misc11.c,136,False,False,,,code_mismatch,236,236,8,,,matching comparison: code_mismatch; relative=0x64 current=00431021 retail=00621821 mask=ffffffff
E1,func_80091BBC,0x80091BBC,C_NONMATCHING_UNPROVEN,c,src/field/main/misc11.c,88,False,False,,,size_mismatch,580,628,0,,,matching comparison: size_mismatch; current=628 retail=580
E2,func_80096150,0x80096150,RETAIL_MIPS_MATCH,c,src/field/main/input_script_handlers.c,30,False,False,,,match,40,40,3,,,normalized instructions and relocation targets match
E3,func_80096178,0x80096178,RETAIL_MIPS_MATCH,c,src/field/main/input_script_handlers.c,34,False,False,,,match,40,40,3,,,normalized instructions and relocation targets match
E4,func_80091AD4,0x80091AD4,RETAIL_MIPS_MATCH,c,src/field/main/misc11.c,60,False,False,,,match,8,8,0,,,normalized instructions and relocation targets match
E5,func_80091944,0x80091944,RETAIL_MIPS_MATCH,c,src/field/main/misc11.c,27,False,False,,,match,196,196,29,,,normalized instructions and relocation targets match
E6,func_80091A08,0x80091A08,C_NONMATCHING_UNPROVEN,c,src/field/main/misc11.c,41,False,False,,,code_mismatch,112,112,12,,,matching comparison: code_mismatch; relative=0x48 current=00000000 retail=00021023 mask=ffffffff
E7,func_80091A78,0x80091A78,C_NONMATCHING_UNPROVEN,c,src/field/main/misc11.c,53,False,False,,,code_mismatch,92,92,7,,,matching comparison: code_mismatch; relative=0x30 current=3c040000 retail=3c030000 mask=ffff0000
E8,func_80094158,0x80094158,RETAIL_MIPS_MATCH,c,src/field/main/misc11.c,1112,False,False,,,match,596,596,45,,,normalized instructions and relocation targets match
E9,func_800943AC,0x800943AC,RETAIL_MIPS_MATCH,c,src/field/main/misc11.c,1159,False,False,,,match,552,552,42,,,normalized instructions and relocation targets match
EA,func_80092DFC,0x80092DFC,RETAIL_MIPS_MATCH,c,src/field/main/misc11.c,535,False,False,,,match,164,164,15,,,normalized instructions and relocation targets match
EB,func_800910C0,0x800910C0,RETAIL_MIPS_MATCH,c,src/field/camera/camera_movement.c,552,False,False,,,match,600,600,47,,,normalized instructions and relocation targets match
EC,func_80091318,0x80091318,RETAIL_MIPS_MATCH,c,src/field/camera/camera_movement.c,582,False,False,,,match,684,684,65,,,normalized instructions and relocation targets match
ED,FieldScriptWriteCameraMovementParameter,0x800915C4,RETAIL_MIPS_MATCH,c,src/field/camera/camera_movement.c,639,False,False,,,match,348,348,45,,,normalized instructions and relocation targets match
EE,FieldScriptSetCameraMovementParameter,0x80091720,RETAIL_MIPS_MATCH,c,src/field/camera/camera_movement.c,675,False,False,,,match,548,548,72,,,normalized instructions and relocation targets match
EF,FieldScriptWaitForCameraMovement,0x8008FA38,RETAIL_MIPS_MATCH,c,src/field/camera/camera_movement.c,33,False,False,,,match,132,132,9,,,normalized instructions and relocation targets match
F0,func_80090DEC,0x80090DEC,RETAIL_MIPS_MATCH,c,src/field/camera/camera_movement.c,473,False,False,,,match,132,132,18,,,normalized instructions and relocation targets match
F1,func_8008B248,0x8008B248,RETAIL_MIPS_MATCH,c,src/field/main/misc.c,1504,False,False,,,match,168,168,8,,,normalized instructions and relocation targets match
F2,func_8008F90C,0x8008F90C,C_NONMATCHING_UNPROVEN,c,src/field/main/misc.c,3215,False,False,,,size_mismatch,300,308,0,,,matching comparison: size_mismatch; current=308 retail=300
F3,func_80090E70,0x80090E70,RETAIL_MIPS_MATCH,c,src/field/camera/camera_movement.c,481,False,False,,,match,408,408,30,,,normalized instructions and relocation targets match
F4,func_8009BE9C,0x8009BE9C,RETAIL_MIPS_MATCH,c,src/field/dialogue/text_box.c,116,False,False,,,match,240,240,19,,,normalized instructions and relocation targets match
F5,func_8009C12C,0x8009C12C,RETAIL_MIPS_MATCH,c,src/field/dialogue/text_box.c,177,False,False,,,match,40,40,3,,,normalized instructions and relocation targets match
F6,func_8008E8C8,0x8008E8C8,C_NONMATCHING_UNPROVEN,c,src/field/main/misc.c,2812,False,False,,,code_mismatch,304,304,12,,,matching comparison: code_mismatch; relative=0xc0 current=00621821 retail=00431021 mask=ffffffff
F7,func_8008E85C,0x8008E85C,RETAIL_MIPS_MATCH,c,src/field/main/misc.c,2802,False,False,,,match,108,108,11,,,normalized instructions and relocation targets match
F8,func_8008E59C,0x8008E59C,C_NONMATCHING_UNPROVEN,c,src/field/main/misc.c,2718,False,False,,,relocation_target_mismatch,380,380,6,,,"matching comparison: relocation_target_mismatch; relative=0x40 current={} retail={('R_MIPS_HI16', 'jtbl_8006FC88', 0): 1}"
F9,FieldScriptSetParentActor,0x8008DE64,RETAIL_MIPS_MATCH,c,src/field/main/misc.c,2562,False,False,,,match,88,88,5,,,normalized instructions and relocation targets match
FA,func_800947B0,0x800947B0,C_NONMATCHING_UNPROVEN,c,src/field/main/misc11.c,1247,False,False,,,relocation_target_mismatch,360,360,9,,,"matching comparison: relocation_target_mismatch; relative=0x74 current={} retail={('R_MIPS_HI16', 'jtbl_8006FCA8', 0): 1}"
FB,func_8008D780,0x8008D780,RETAIL_MIPS_MATCH,c,src/field/main/misc.c,2432,False,False,,,match,136,136,9,,,normalized instructions and relocation targets match
FC,func_8009BF8C,0x8009BF8C,RETAIL_MIPS_MATCH,c,src/field/dialogue/text_box.c,138,False,False,,,match,144,144,10,,,normalized instructions and relocation targets match
FE,FieldScriptVM2Run,0x800869B8,RETAIL_MIPS_MATCH,c,src/field/main/misc8.c,3382,False,False,,,match,100,100,6,,,normalized instructions and relocation targets match
FE00,func_8008D2D8,0x8008D2D8,RETAIL_MIPS_MATCH,c,src/field/main/misc.c,2309,False,False,,,match,8,8,0,,,normalized instructions and relocation targets match
FE01,func_8009F424,0x8009F424,RETAIL_MIPS_MATCH,c,src/field/main/misc6.c,635,False,False,,,match,168,168,12,,,normalized instructions and relocation targets match
FE02,func_80095B3C,0x80095B3C,RETAIL_MIPS_MATCH,c,src/field/main/misc11.c,1740,False,False,,,match,196,196,14,,,normalized instructions and relocation targets match
FE03,func_8008D0F4,0x8008D0F4,C_NONMATCHING_UNPROVEN,c,src/field/main/misc.c,2267,False,False,,,size_mismatch,140,144,0,,,matching comparison: size_mismatch; current=144 retail=140
FE04,func_8008D26C,0x8008D26C,C_NONMATCHING_UNPROVEN,c,src/field/main/misc.c,2304,False,False,,,size_mismatch,108,112,0,,,matching comparison: size_mismatch; current=112 retail=108
FE05,func_80095CC4,0x80095CC4,C_NONMATCHING_UNPROVEN,c,src/field/main/misc11.c,1778,False,False,,,code_mismatch,168,168,4,,,matching comparison: code_mismatch; relative=0x44 current=00431021 retail=00621821 mask=ffffffff
FE06,func_80095D6C,0x80095D6C,C_NONMATCHING_UNPROVEN,c,src/field/main/misc11.c,1794,False,False,,,code_mismatch,220,220,4,,,matching comparison: code_mismatch; relative=0x44 current=00431021 retail=00621821 mask=ffffffff
FE07,func_8008D604,0x8008D604,C_NONMATCHING_UNPROVEN,c,src/field/main/misc.c,2401,False,False,,,size_mismatch,128,120,0,,,matching comparison: size_mismatch; current=120 retail=128
FE08,func_8008D180,0x8008D180,C_NONMATCHING_UNPROVEN,c,src/field/main/misc.c,2279,False,False,,,size_mismatch,176,172,0,,,matching comparison: size_mismatch; current=172 retail=176
FE09,func_8008D078,0x8008D078,RETAIL_MIPS_MATCH,c,src/field/main/misc.c,2250,False,False,,,match,124,124,8,,,normalized instructions and relocation targets match
FE0A,func_8008D684,0x8008D684,RETAIL_MIPS_MATCH,c,src/field/main/misc.c,2412,False,False,,,match,124,124,6,,,normalized instructions and relocation targets match
FE0B,func_8008D700,0x8008D700,RETAIL_MIPS_MATCH,c,src/field/main/misc.c,2422,False,False,,,match,128,128,6,,,normalized instructions and relocation targets match
FE0C,func_8008CFEC,0x8008CFEC,C_NONMATCHING_UNPROVEN,c,src/field/main/misc.c,2240,False,False,,,code_mismatch,140,140,16,,,matching comparison: code_mismatch; relative=0x60 current=3c040000 retail=3c030000 mask=ffff0000
FE0D,func_8008CF9C,0x8008CF9C,RETAIL_MIPS_MATCH,c,src/field/main/misc.c,2233,False,False,,,match,80,80,6,,,normalized instructions and relocation targets match
FE0E,func_8008C84C,0x8008C84C,RETAIL_MIPS_MATCH,c,src/field/main/misc.c,2078,False,False,,,match,236,236,24,,,normalized instructions and relocation targets match
FE0F,func_8008C938,0x8008C938,RETAIL_MIPS_MATCH,c,src/field/main/misc.c,2097,False,False,,,match,296,296,32,,,normalized instructions and relocation targets match
FE10,func_8008CA60,0x8008CA60,RETAIL_MIPS_MATCH,c,src/field/main/misc.c,2114,False,False,,,match,236,236,24,,,normalized instructions and relocation targets match
FE11,func_8008CB4C,0x8008CB4C,RETAIL_MIPS_MATCH,c,src/field/main/misc.c,2132,False,False,,,match,296,296,32,,,normalized instructions and relocation targets match
FE12,func_8008CC74,0x8008CC74,RETAIL_MIPS_MATCH,c,src/field/main/misc.c,2151,False,False,,,match,212,212,23,,,normalized instructions and relocation targets match
FE13,func_8008CD48,0x8008CD48,C_NONMATCHING_UNPROVEN,c,src/field/main/misc.c,2173,False,False,,,code_mismatch,140,140,3,,,matching comparison: code_mismatch; relative=0x1c current=a462010c retail=a462010a mask=ffffffff
FE14,func_8008CDD4,0x8008CDD4,C_NONMATCHING_UNPROVEN,c,src/field/main/misc.c,2187,False,False,,,size_mismatch,144,152,0,,,matching comparison: size_mismatch; current=152 retail=144
FE15,func_800A14F0,0x800A14F0,C_NONMATCHING_UNPROVEN,c,src/field/main/misc6.c,1563,False,False,,,size_mismatch,308,312,0,,,matching comparison: size_mismatch; current=312 retail=308
FE16,func_8008C7D8,0x8008C7D8,RETAIL_MIPS_MATCH,c,src/field/main/misc.c,2060,False,False,,,match,116,116,7,,,normalized instructions and relocation targets match
FE17,func_8009AA00,0x8009AA00,C_NONMATCHING_UNPROVEN,c,src/field/main/misc7.c,1437,False,False,,,code_mismatch,264,264,9,,,matching comparison: code_mismatch; relative=0xa8 current=00021823 retail=00021023 mask=ffffffff
FE18,func_8008BDD8,0x8008BDD8,C_NONMATCHING_UNPROVEN,c,src/field/main/misc.c,1796,False,False,,,size_mismatch,352,368,0,,,matching comparison: size_mismatch; current=368 retail=352
FE19,func_8008C334,0x8008C334,C_NONMATCHING_UNPROVEN,c,src/field/main/misc.c,1929,False,False,,,code_mismatch,1188,1188,20,,,matching comparison: code_mismatch; relative=0xe4 current=3c020001 retail=3c080001 mask=ffffffff
FE1A,func_8008B894,0x8008B894,RETAIL_MIPS_MATCH,c,src/field/main/misc.c,1670,False,False,,,match,228,228,28,,,normalized instructions and relocation targets match
FE1B,func_8008B5D4,0x8008B5D4,C_NONMATCHING_UNPROVEN,c,src/field/main/misc.c,1574,False,False,,,size_mismatch,704,480,0,FIELD_VM_AUDIT_MUTANT_PRIM_SKIP_ALT_COPY|FIELD_VM_AUDIT_MUTANT_PRIM_TRIANGLE_STRIDE_28,,matching comparison: size_mismatch; current=480 retail=704
FE1C,func_80098A7C,0x80098A7C,C_NONMATCHING_UNPROVEN,c,src/field/main/misc7.c,593,False,False,,,size_mismatch,388,344,0,,,matching comparison: size_mismatch; current=344 retail=388
FE1D,func_800984EC,0x800984EC,C_NONMATCHING_UNPROVEN,c,src/field/main/misc7.c,499,False,False,,,size_mismatch,208,196,0,,,matching comparison: size_mismatch; current=196 retail=208
FE1E,func_8009FB98,0x8009FB98,C_NONMATCHING_UNPROVEN,c,src/field/main/misc6.c,930,False,False,,,code_mismatch,120,120,9,,,matching comparison: code_mismatch; relative=0x3c current=3c020000 retail=3c030000 mask=ffff0000
FE1F,func_8009FDD4,0x8009FDD4,C_NONMATCHING_UNPROVEN,c,src/field/main/misc6.c,993,False,False,,,code_mismatch,120,120,5,,,matching comparison: code_mismatch; relative=0x34 current=00821021 retail=00441021 mask=ffffffff
FE20,func_8009FE4C,0x8009FE4C,C_NONMATCHING_UNPROVEN,c,src/field/main/misc6.c,1004,False,False,,,code_mismatch,152,152,8,,,matching comparison: code_mismatch; relative=0x54 current=00821021 retail=00441021 mask=ffffffff
FE21,func_800A06E8,0x800A06E8,PORT_OVERRIDE_UNPROVEN,native_c_override,src/field/main/misc6.c,1212,False,False,,,match,464,464,39,else(ifdef XENO_PC_PORT)|ifdef XENO_PC_PORT,,native conditional body replaces retail fallback
FE22,func_8009B664,0x8009B664,RETAIL_MIPS_MATCH,c,src/field/main/misc7.c,1844,False,False,,,match,72,72,6,,,normalized instructions and relocation targets match
FE23,func_8009B398,0x8009B398,C_NONMATCHING_UNPROVEN,c,src/field/main/misc7.c,1774,False,False,,,size_mismatch,716,568,0,FIELD_VM_AUDIT_MUTANT_PARTY_GROUP_IP_1,,matching comparison: size_mismatch; current=568 retail=716
FE24,func_8009B210,0x8009B210,C_NONMATCHING_UNPROVEN,c,src/field/main/misc7.c,1730,False,False,,,size_mismatch,296,288,0,,,matching comparison: size_mismatch; current=288 retail=296
FE25,func_8008D5C8,0x8008D5C8,C_NONMATCHING_UNPROVEN,c,src/field/main/misc.c,2390,False,False,,,code_mismatch,60,60,2,,,matching comparison: code_mismatch; relative=0x8 current=3c020000 retail=3c030000 mask=ffff0000
FE26,func_8008B2F0,0x8008B2F0,RETAIL_MIPS_MATCH,c,src/field/main/misc.c,1514,False,False,,,match,56,56,3,,,normalized instructions and relocation targets match
FE27,func_8008B328,0x8008B328,RETAIL_MIPS_MATCH,c,src/field/main/misc.c,1519,False,False,,,match,308,308,25,,,normalized instructions and relocation targets match
FE28,func_8008E4EC,0x8008E4EC,RETAIL_MIPS_MATCH,c,src/field/main/misc.c,2702,False,False,,,match,44,44,3,,,normalized instructions and relocation targets match
FE29,func_8008E518,0x8008E518,RETAIL_MIPS_MATCH,c,src/field/main/misc.c,2706,False,False,,,match,44,44,3,,,normalized instructions and relocation targets match
FE2A,func_8008E544,0x8008E544,RETAIL_MIPS_MATCH,c,src/field/main/misc.c,2710,False,False,,,match,44,44,3,,,normalized instructions and relocation targets match
FE2B,func_8008E570,0x8008E570,RETAIL_MIPS_MATCH,c,src/field/main/misc.c,2714,False,False,,,match,44,44,3,,,normalized instructions and relocation targets match
FE2C,FieldScriptWriteActorFlags1,0x8008DEBC,C_NONMATCHING_UNPROVEN,c,src/field/main/misc.c,2570,False,False,,,code_mismatch,136,136,0,,,matching comparison: code_mismatch; relative=0x4 current=afb00010 retail=34040001 mask=ffffffff
FE2D,FieldScriptWriteActorFlags2,0x8008DF44,C_NONMATCHING_UNPROVEN,c,src/field/main/misc.c,2581,False,False,,,code_mismatch,136,136,0,,,matching comparison: code_mismatch; relative=0x4 current=afb00010 retail=34040001 mask=ffffffff
FE2E,FieldScriptWriteActorFlags3,0x8008DFCC,C_NONMATCHING_UNPROVEN,c,src/field/main/misc.c,2592,False,False,,,code_mismatch,136,136,0,,,matching comparison: code_mismatch; relative=0x4 current=afb00010 retail=34040001 mask=ffffffff
FE2F,FieldScriptWriteActorFlags4,0x8008E054,C_NONMATCHING_UNPROVEN,c,src/field/main/misc.c,2603,False,False,,,code_mismatch,136,136,0,,,matching comparison: code_mismatch; relative=0x4 current=afb00010 retail=34040001 mask=ffffffff
FE30,func_8008E3E8,0x8008E3E8,RETAIL_MIPS_MATCH,c,src/field/main/misc.c,2681,False,False,,,match,44,44,3,,,normalized instructions and relocation targets match
FE31,func_8008E414,0x8008E414,RETAIL_MIPS_MATCH,c,src/field/main/misc.c,2685,False,False,,,match,44,44,3,,,normalized instructions and relocation targets match
FE32,func_8008E440,0x8008E440,RETAIL_MIPS_MATCH,c,src/field/main/misc.c,2689,False,False,,,match,44,44,3,,,normalized instructions and relocation targets match
FE33,func_8008E46C,0x8008E46C,RETAIL_MIPS_MATCH,c,src/field/main/misc.c,2693,False,False,,,match,44,44,3,,,normalized instructions and relocation targets match
FE34,func_8008E298,0x8008E298,RETAIL_MIPS_MATCH,c,src/field/main/misc.c,2665,False,False,,,match,84,84,4,,,normalized instructions and relocation targets match
FE35,func_8008E2EC,0x8008E2EC,RETAIL_MIPS_MATCH,c,src/field/main/misc.c,2669,False,False,,,match,84,84,4,,,normalized instructions and relocation targets match
FE36,func_8008E340,0x8008E340,RETAIL_MIPS_MATCH,c,src/field/main/misc.c,2673,False,False,,,match,84,84,4,,,normalized instructions and relocation targets match
FE37,func_8008E394,0x8008E394,RETAIL_MIPS_MATCH,c,src/field/main/misc.c,2677,False,False,,,match,84,84,4,,,normalized instructions and relocation targets match
FE38,FieldScriptWriteActorDistance,0x8008E1B4,RETAIL_MIPS_MATCH,c,src/field/main/misc.c,2634,False,False,,,match,228,228,9,FIELD_VM_AUDIT_MUTANT_DISTANCE_ZERO,,normalized instructions and relocation targets match
FE39,func_8008D230,0x8008D230,C_NONMATCHING_UNPROVEN,c,src/field/main/misc.c,2299,False,False,,,code_mismatch,60,60,1,,,matching comparison: code_mismatch; relative=0x10 current=3c040000 retail=3c030000 mask=ffff0000
FE3A,func_8008CED0,0x8008CED0,RETAIL_MIPS_MATCH,c,src/field/main/misc.c,2211,False,False,,,match,108,108,6,,,normalized instructions and relocation targets match
FE3B,func_8008CE64,0x8008CE64,RETAIL_MIPS_MATCH,c,src/field/main/misc.c,2203,False,False,,,match,108,108,6,,,normalized instructions and relocation targets match
FE3C,func_8008B180,0x8008B180,C_NONMATCHING_UNPROVEN,c,src/field/main/misc.c,1487,False,False,,,code_mismatch,144,144,3,,,matching comparison: code_mismatch; relative=0x20 current=00408021 retail=34040003 mask=ffffffff
FE3D,func_8008AEC8,0x8008AEC8,C_NONMATCHING_UNPROVEN,c,src/field/main/misc.c,1423,False,False,,,size_mismatch,272,280,0,,,matching comparison: size_mismatch; current=280 retail=272
FE3E,func_8008AFD8,0x8008AFD8,C_NONMATCHING_UNPROVEN,c,src/field/main/misc.c,1445,False,False,,,code_mismatch,272,272,12,,,matching comparison: code_mismatch; relative=0x68 current=00028840 retail=00108040 mask=ffffffff
FE3F,func_8008B0E8,0x8008B0E8,C_NONMATCHING_UNPROVEN,c,src/field/main/misc.c,1466,False,False,,,code_mismatch,92,92,7,,,matching comparison: code_mismatch; relative=0x30 current=3c040000 retail=3c030000 mask=ffff0000
FE40,func_80092148,0x80092148,C_NONMATCHING_UNPROVEN,c,src/field/main/misc11.c,209,False,False,,,code_mismatch,160,160,3,,,matching comparison: code_mismatch; relative=0x30 current=00402021 retail=3044ffff mask=ffffffff
FE41,FieldScriptPartyMemberRideGear,0x8009FC48,RETAIL_MIPS_MATCH,c,src/field/main/misc6.c,952,False,False,,,match,100,100,6,,,normalized instructions and relocation targets match
FE42,FieldScriptPartyMemberDisembarkGear,0x8009FCAC,RETAIL_MIPS_MATCH,c,src/field/main/misc6.c,962,False,False,,,match,100,100,6,,,normalized instructions and relocation targets match
FE43,func_8009B15C,0x8009B15C,C_NONMATCHING_UNPROVEN,c,src/field/main/misc7.c,1696,False,False,,,code_mismatch,40,40,0,,,matching comparison: code_mismatch; relative=0x0 current=3c020000 retail=3c030000 mask=ffff0000
FE44,func_8009B184,0x8009B184,RETAIL_MIPS_MATCH,c,src/field/main/misc7.c,1710,False,False,,,match,140,140,17,,,normalized instructions and relocation targets match
FE45,func_8009A0FC,0x8009A0FC,RETAIL_MIPS_MATCH,c,src/field/main/misc7.c,1189,False,False,,,match,52,52,4,,,normalized instructions and relocation targets match
FE46,func_8008AE5C,0x8008AE5C,C_NONMATCHING_UNPROVEN,c,src/field/main/misc.c,1409,False,False,,,code_mismatch,108,108,2,,,matching comparison: code_mismatch; relative=0x8 current=3c020000 retail=3c030000 mask=ffff0000
FE47,func_8008B144,0x8008B144,C_NONMATCHING_UNPROVEN,c,src/field/main/misc.c,1475,False,False,,,code_mismatch,60,60,1,,,matching comparison: code_mismatch; relative=0x10 current=3c040000 retail=3c030000 mask=ffff0000
FE48,func_8008B518,0x8008B518,RETAIL_MIPS_MATCH,c,src/field/main/misc.c,1558,False,False,,,match,188,188,23,,,normalized instructions and relocation targets match
FE49,func_8008DAFC,0x8008DAFC,RETAIL_MIPS_MATCH,c,src/field/main/misc.c,2483,False,False,,,match,48,48,4,,,normalized instructions and relocation targets match
FE4A,func_8008ACE8,0x8008ACE8,RETAIL_MIPS_MATCH,c,src/field/main/misc.c,1367,False,False,,,match,372,372,36,,,normalized instructions and relocation targets match
FE4B,func_8008A9AC,0x8008A9AC,RETAIL_MIPS_MATCH,c,src/field/main/misc.c,1279,False,False,,,match,180,180,17,,,normalized instructions and relocation targets match
FE4C,func_8008A974,0x8008A974,RETAIL_MIPS_MATCH,c,src/field/main/misc.c,1274,False,False,,,match,56,56,3,,,normalized instructions and relocation targets match
FE4D,func_8008A93C,0x8008A93C,RETAIL_MIPS_MATCH,c,src/field/main/misc.c,1269,False,False,,,match,56,56,4,,,normalized instructions and relocation targets match
FE4E,func_8008AA60,0x8008AA60,RETAIL_MIPS_MATCH,c,src/field/main/misc.c,1292,False,False,,,match,108,108,9,,,normalized instructions and relocation targets match
FE4F,func_80093BB0,0x80093BB0,RETAIL_MIPS_MATCH,c,src/field/main/misc11.c,970,False,False,,,match,36,36,4,,,normalized instructions and relocation targets match
FE50,func_80093BD4,0x80093BD4,RETAIL_MIPS_MATCH,c,src/field/main/misc11.c,975,False,False,,,match,40,40,4,,,normalized instructions and relocation targets match
FE51,FieldScriptEnableCompass,0x80093BFC,RETAIL_MIPS_MATCH,c,src/field/main/misc11.c,980,False,False,,,match,36,36,4,,,normalized instructions and relocation targets match
FE52,FieldScriptDisableCompass,0x80093C20,RETAIL_MIPS_MATCH,c,src/field/main/misc11.c,985,False,False,,,match,40,40,4,,,normalized instructions and relocation targets match
FE53,func_80093AC8,0x80093AC8,RETAIL_MIPS_MATCH,c,src/field/main/misc11.c,940,False,False,,,match,72,72,10,,,normalized instructions and relocation targets match
FE54,func_80093B10,0x80093B10,PORT_OVERRIDE_UNPROVEN,c,src/field/main/misc11.c,948,False,False,,,match,160,160,19,XENO_PC_PORT,,native conditional body replaces retail fallback
FE55,func_80093740,0x80093740,RETAIL_MIPS_MATCH,c,src/field/main/misc11.c,838,False,False,,,match,80,80,14,,,normalized instructions and relocation targets match
FE56,func_80093930,0x80093930,C_NONMATCHING_UNPROVEN,c,src/field/main/misc11.c,896,False,False,,,size_mismatch,112,124,0,,,matching comparison: size_mismatch; current=124 retail=112
FE57,func_800937E0,0x800937E0,RETAIL_MIPS_MATCH,c,src/field/main/misc11.c,856,False,False,,,match,68,68,10,TITLE_CHAIN_MUTANT_FE57_WRONG_MENU,,normalized instructions and relocation targets match
FE58,func_80093824,0x80093824,RETAIL_MIPS_MATCH,c,src/field/main/misc11.c,869,False,False,,,match,100,100,13,,,normalized instructions and relocation targets match
FE59,func_800939A0,0x800939A0,RETAIL_MIPS_MATCH,c,src/field/main/misc11.c,907,False,False,,,match,100,100,13,,,normalized instructions and relocation targets match
FE5A,func_80093A04,0x80093A04,RETAIL_MIPS_MATCH,c,src/field/main/misc11.c,915,False,False,,,match,100,100,13,,,normalized instructions and relocation targets match
FE5B,func_8008B210,0x8008B210,RETAIL_MIPS_MATCH,c,src/field/main/misc.c,1499,False,False,,,match,56,56,3,,,normalized instructions and relocation targets match
FE5C,func_800A0FD8,0x800A0FD8,C_NONMATCHING_UNPROVEN,c,src/field/main/misc6.c,1396,False,False,,,size_mismatch,908,844,0,,,matching comparison: size_mismatch; current=844 retail=908
FE5D,func_8008F6AC,0x8008F6AC,RETAIL_MIPS_MATCH,c,src/field/main/misc.c,3143,False,False,,,match,120,120,6,,,normalized instructions and relocation targets match
FE5E,func_8008F2D8,0x8008F2D8,RETAIL_MIPS_MATCH,c,src/field/main/misc.c,3067,False,False,,,match,112,112,8,,,normalized instructions and relocation targets match
FE5F,func_8008F1C8,0x8008F1C8,RETAIL_MIPS_MATCH,c,src/field/main/misc.c,3053,False,False,,,match,272,272,28,,,normalized instructions and relocation targets match
FE60,func_8008EC30,0x8008EC30,C_NONMATCHING_UNPROVEN,c,src/field/main/misc.c,2904,False,False,,,size_mismatch,484,476,0,TITLE_CHAIN_MUTANT_FE60_DROPS_CIRCLE_GATE,,matching comparison: size_mismatch; current=476 retail=484
FE61,func_8008E9F8,0x8008E9F8,RETAIL_MIPS_MATCH,c,src/field/main/misc.c,2855,False,False,,,match,96,96,11,TITLE_CHAIN_MUTANT_FE61_NEVER_RELEASES,,normalized instructions and relocation targets match
FE62,func_8008F444,0x8008F444,RETAIL_MIPS_MATCH,c,src/field/main/misc.c,3093,False,False,,,match,92,92,5,,,normalized instructions and relocation targets match
FE63,func_8008F4A0,0x8008F4A0,RETAIL_MIPS_MATCH,c,src/field/main/misc.c,3098,False,False,,,match,92,92,5,,,normalized instructions and relocation targets match
FE64,func_8008F5E4,0x8008F5E4,C_NONMATCHING_UNPROVEN,c,src/field/main/misc.c,3126,False,False,,,code_mismatch,132,132,2,,,matching comparison: code_mismatch; relative=0x28 current=12000007 retail=16000007 mask=ffffffff
FE65,func_8008F4FC,0x8008F4FC,RETAIL_MIPS_MATCH,c,src/field/main/misc.c,3103,False,False,,,match,92,92,5,,,normalized instructions and relocation targets match
FE66,func_8008F558,0x8008F558,RETAIL_MIPS_MATCH,c,src/field/main/misc.c,3108,False,False,,,match,140,140,7,,,normalized instructions and relocation targets match
FE67,func_8008EE14,0x8008EE14,C_NONMATCHING_UNPROVEN,c,src/field/main/misc.c,2967,False,False,,,size_mismatch,328,324,0,,,matching comparison: size_mismatch; current=324 retail=328
FE68,func_80092C20,0x80092C20,C_NONMATCHING_UNPROVEN,c,src/field/main/misc11.c,494,False,False,,,size_mismatch,476,472,0,,,matching comparison: size_mismatch; current=472 retail=476
FE69,func_8008A6E0,0x8008A6E0,RETAIL_MIPS_MATCH,c,src/field/main/misc.c,1191,False,False,,,match,176,176,10,,,normalized instructions and relocation targets match
FE6A,func_8008A604,0x8008A604,C_NONMATCHING_UNPROVEN,c,src/field/main/misc.c,1173,False,False,,,code_mismatch,60,60,1,,,matching comparison: code_mismatch; relative=0x10 current=3c040000 retail=3c030000 mask=ffff0000
FE6B,func_8008A640,0x8008A640,RETAIL_MIPS_MATCH,c,src/field/main/misc.c,1178,False,False,,,match,160,160,7,,,normalized instructions and relocation targets match
FE6C,func_8008A5A0,0x8008A5A0,RETAIL_MIPS_MATCH,c,src/field/main/misc.c,1164,False,False,,,match,100,100,7,,,normalized instructions and relocation targets match
FE6D,func_8008FB28,0x8008FB28,C_NONMATCHING_UNPROVEN,c,src/field/camera/camera_movement.c,69,False,False,,,code_mismatch,112,112,6,,,matching comparison: code_mismatch; relative=0x20 current=3c050000 retail=3c030000 mask=ffff0000
FE6E,func_8008FABC,0x8008FABC,RETAIL_MIPS_MATCH,c,src/field/camera/camera_movement.c,59,False,False,,,match,108,108,11,,,normalized instructions and relocation targets match
FE6F,func_8008B45C,0x8008B45C,C_NONMATCHING_UNPROVEN,c,src/field/main/misc.c,1548,False,False,,,size_mismatch,188,180,0,,,matching comparison: size_mismatch; current=180 retail=188
FE70,func_80089F54,0x80089F54,C_NONMATCHING_UNPROVEN,c,src/field/main/misc.c,1001,False,False,,,code_mismatch,64,64,3,,,matching comparison: code_mismatch; relative=0x18 current=00000000 retail=2442ff80 mask=ffffffff
FE71,func_8009899C,0x8009899C,RETAIL_MIPS_MATCH,c,src/field/main/misc7.c,576,False,False,,,match,84,84,6,,,normalized instructions and relocation targets match
FE72,func_800988B8,0x800988B8,C_NONMATCHING_UNPROVEN,c,src/field/main/misc7.c,563,False,False,,,code_mismatch,228,228,18,,,matching comparison: code_mismatch; relative=0xac current=3205ffff retail=02002821 mask=ffffffff
FE73,func_8009861C,0x8009861C,C_NONMATCHING_UNPROVEN,c,src/field/main/misc7.c,520,False,False,,,code_mismatch,284,284,21,,,matching comparison: code_mismatch; relative=0xc4 current=02132023 retail=02332023 mask=ffffffff
FE74,func_800985BC,0x800985BC,RETAIL_MIPS_MATCH,c,src/field/main/misc7.c,512,False,False,,,match,96,96,9,,,normalized instructions and relocation targets match
FE75,func_800989F0,0x800989F0,RETAIL_MIPS_MATCH,c,src/field/main/misc7.c,581,False,False,,,match,140,140,7,,,normalized instructions and relocation targets match
FE76,func_80098738,0x80098738,C_NONMATCHING_UNPROVEN,c,src/field/main/misc7.c,540,False,False,,,code_mismatch,384,384,31,,,matching comparison: code_mismatch; relative=0x11c current=02352023 retail=02552023 mask=ffffffff
FE77,func_8008A2E8,0x8008A2E8,C_NONMATCHING_UNPROVEN,c,src/field/main/misc.c,1088,False,False,,,size_mismatch,504,508,0,,,matching comparison: size_mismatch; current=508 retail=504
FE78,func_8008A4F0,0x8008A4F0,RETAIL_MIPS_MATCH,c,src/field/main/misc.c,1136,False,False,,,match,8,8,0,,,normalized instructions and relocation targets match
FE79,func_8008A4E8,0x8008A4E8,RETAIL_MIPS_MATCH,c,src/field/main/misc.c,1135,False,False,,,match,8,8,0,,,normalized instructions and relocation targets match
FE7A,func_8008A4E0,0x8008A4E0,RETAIL_MIPS_MATCH,c,src/field/main/misc.c,1134,False,False,,,match,8,8,0,,,normalized instructions and relocation targets match
FE7B,func_8008A518,0x8008A518,RETAIL_MIPS_MATCH,c,src/field/main/misc.c,1141,False,False,,,match,8,8,0,,,normalized instructions and relocation targets match
FE7C,func_8008A500,0x8008A500,RETAIL_MIPS_MATCH,c,src/field/main/misc.c,1138,False,False,,,match,8,8,0,,,normalized instructions and relocation targets match
FE7D,func_8008A508,0x8008A508,RETAIL_MIPS_MATCH,c,src/field/main/misc.c,1139,False,False,,,match,8,8,0,,,normalized instructions and relocation targets match
FE7E,func_8008A510,0x8008A510,RETAIL_MIPS_MATCH,c,src/field/main/misc.c,1140,False,False,,,match,8,8,0,,,normalized instructions and relocation targets match
FE7F,func_8008A244,0x8008A244,RETAIL_MIPS_MATCH,c,src/field/main/misc.c,1067,False,False,,,match,92,92,9,,,normalized instructions and relocation targets match
FE80,func_80089FD0,0x80089FD0,C_NONMATCHING_UNPROVEN,c,src/field/main/misc.c,1015,False,False,,,code_mismatch,188,188,23,,,matching comparison: code_mismatch; relative=0x90 current=3c040000 retail=3c030000 mask=ffff0000
FE81,func_8008A08C,0x8008A08C,C_NONMATCHING_UNPROVEN,c,src/field/main/misc.c,1035,False,False,,,size_mismatch,188,180,0,,,matching comparison: size_mismatch; current=180 retail=188
FE82,func_8008A148,0x8008A148,C_NONMATCHING_UNPROVEN,c,src/field/main/misc.c,1048,False,False,,,size_mismatch,252,244,0,,,matching comparison: size_mismatch; current=244 retail=252
FE83,func_80092FB4,0x80092FB4,RETAIL_MIPS_MATCH,c,src/field/main/misc11.c,567,False,False,,,match,96,96,11,,,normalized instructions and relocation targets match
FE84,func_800933F8,0x800933F8,RETAIL_MIPS_MATCH,c,src/field/main/misc11.c,763,False,False,,,match,368,368,44,,,normalized instructions and relocation targets match
FE85,func_8008A2A0,0x8008A2A0,RETAIL_MIPS_MATCH,c,src/field/main/misc.c,1078,False,False,,,match,72,72,6,,,normalized instructions and relocation targets match
FE86,func_80089F94,0x80089F94,RETAIL_MIPS_MATCH,c,src/field/main/misc.c,1008,False,False,,,match,60,60,6,,,normalized instructions and relocation targets match
FE87,func_800936E4,0x800936E4,RETAIL_MIPS_MATCH,c,src/field/main/misc11.c,824,False,False,,,match,92,92,9,,,normalized instructions and relocation targets match
FE88,func_80089BF0,0x80089BF0,RETAIL_MIPS_MATCH,c,src/field/main/misc.c,951,False,False,,,match,476,476,56,,,normalized instructions and relocation targets match
FE89,func_80089DCC,0x80089DCC,C_NONMATCHING_UNPROVEN,c,src/field/main/misc.c,970,False,False,,,code_mismatch,332,332,27,,,matching comparison: code_mismatch; relative=0xe8 current=14620008 retail=10620006 mask=ffffffff
FE8A,func_80089F18,0x80089F18,C_NONMATCHING_UNPROVEN,c,src/field/main/misc.c,994,False,False,,,code_mismatch,60,60,1,,,matching comparison: code_mismatch; relative=0x10 current=3c040000 retail=3c030000 mask=ffff0000
FE8B,func_80089B54,0x80089B54,RETAIL_MIPS_MATCH,c,src/field/main/misc.c,926,False,False,,,match,156,156,10,,,normalized instructions and relocation targets match
FE8C,func_8008F3D0,0x8008F3D0,RETAIL_MIPS_MATCH,c,src/field/main/misc.c,3088,False,False,,,match,116,116,6,,,normalized instructions and relocation targets match
FE8D,func_8008F394,0x8008F394,C_NONMATCHING_UNPROVEN,c,src/field/main/misc.c,3083,False,False,,,code_mismatch,60,60,1,,,matching comparison: code_mismatch; relative=0x10 current=3c040000 retail=3c030000 mask=ffff0000
FE8E,func_8008F348,0x8008F348,RETAIL_MIPS_MATCH,c,src/field/main/misc.c,3075,False,False,,,match,76,76,8,,,normalized instructions and relocation targets match
FE8F,func_80088790,0x80088790,C_NONMATCHING_UNPROVEN,c,src/field/main/misc.c,641,False,False,,,size_mismatch,276,280,0,,,matching comparison: size_mismatch; current=280 retail=276
FE90,FieldScriptInitializeParticleBank,0x80089004,RETAIL_MIPS_MATCH,c,src/field/main/misc.c,833,False,False,,,match,368,368,33,,,normalized instructions and relocation targets match
FE91,FieldScriptSetParticleBankPosition,0x80089174,RETAIL_MIPS_MATCH,c,src/field/main/misc.c,848,False,False,,,match,512,512,50,,,normalized instructions and relocation targets match
FE92,FieldScriptSetParticleBankPhysics,0x80089374,RETAIL_MIPS_MATCH,c,src/field/main/misc.c,859,False,False,,,match,512,512,50,,,normalized instructions and relocation targets match
FE93,FieldScriptSetParticleBankParameters,0x80089574,RETAIL_MIPS_MATCH,c,src/field/main/misc.c,870,False,False,,,match,352,352,31,,,normalized instructions and relocation targets match
FE94,FieldScriptSetParticleBankScale,0x800896D4,RETAIL_MIPS_MATCH,c,src/field/main/misc.c,886,False,False,,,match,428,428,40,,,normalized instructions and relocation targets match
FE95,FieldScriptSetParticleBankColor,0x80089880,RETAIL_MIPS_MATCH,c,src/field/main/misc.c,897,False,False,,,match,512,512,50,,,normalized instructions and relocation targets match
FE96,FieldScriptParticlesInitialize,0x80089A80,RETAIL_MIPS_MATCH,c,src/field/main/misc.c,908,False,False,,,match,100,100,11,,,normalized instructions and relocation targets match
FE97,FieldScriptStopParticleActor,0x80089AE4,RETAIL_MIPS_MATCH,c,src/field/main/misc.c,916,False,False,,,match,112,112,13,,,normalized instructions and relocation targets match
FE98,func_800884CC,0x800884CC,C_NONMATCHING_UNPROVEN,c,src/field/main/misc.c,568,False,False,,,code_mismatch,60,60,1,,,matching comparison: code_mismatch; relative=0x10 current=3c040000 retail=3c030000 mask=ffff0000
FE99,func_8008848C,0x8008848C,RETAIL_MIPS_MATCH,c,src/field/main/misc.c,561,False,False,,,match,64,64,6,,,normalized instructions and relocation targets match
FE9A,func_8008F0B4,0x8008F0B4,C_NONMATCHING_UNPROVEN,c,src/field/main/misc.c,3025,False,False,,,size_mismatch,276,248,0,,,matching comparison: size_mismatch; current=248 retail=276
FE9B,func_8008EF5C,0x8008EF5C,RETAIL_MIPS_MATCH,c,src/field/main/misc.c,2998,False,False,,,match,68,68,7,,,normalized instructions and relocation targets match
FE9C,func_8008EFA0,0x8008EFA0,RETAIL_MIPS_MATCH,c,src/field/main/misc.c,3004,False,False,,,match,68,68,7,,,normalized instructions and relocation targets match
FE9D,func_8008F070,0x8008F070,RETAIL_MIPS_MATCH,c,src/field/main/misc.c,3019,False,False,,,match,68,68,7,,,normalized instructions and relocation targets match
FE9E,func_8008EFE4,0x8008EFE4,C_NONMATCHING_UNPROVEN,c,src/field/main/misc.c,3010,False,False,,,size_mismatch,140,156,0,,,matching comparison: size_mismatch; current=156 retail=140
FE9F,func_800883D4,0x800883D4,C_NONMATCHING_UNPROVEN,c,src/field/main/misc.c,541,False,False,,,size_mismatch,184,156,0,,,matching comparison: size_mismatch; current=156 retail=184
FEA0,func_8008EA58,0x8008EA58,C_NONMATCHING_UNPROVEN,c,src/field/main/misc.c,2877,False,False,,,size_mismatch,472,456,0,,,matching comparison: size_mismatch; current=456 retail=472
FEA1,FieldScriptSetCharacterGear,0x80088360,RETAIL_MIPS_MATCH,c,src/field/main/misc.c,535,False,False,,,match,116,116,6,,,normalized instructions and relocation targets match
FEA2,func_8008825C,0x8008825C,RETAIL_MIPS_MATCH,c,src/field/main/misc.c,514,False,False,,,match,92,92,9,,,normalized instructions and relocation targets match
FEA3,func_800881E8,0x800881E8,C_NONMATCHING_UNPROVEN,c,src/field/main/misc.c,500,False,False,,,code_mismatch,116,116,0,,,matching comparison: code_mismatch; relative=0x0 current=3c030000 retail=3c020000 mask=ffff0000
FEA4,func_80088198,0x80088198,C_NONMATCHING_UNPROVEN,c,src/field/main/misc.c,485,False,False,,,code_mismatch,80,80,0,,,matching comparison: code_mismatch; relative=0x0 current=3c020000 retail=00002821 mask=ffff0000
FEA5,func_80088C1C,0x80088C1C,C_NONMATCHING_UNPROVEN,c,src/field/main/misc.c,791,False,False,,,size_mismatch,220,152,0,,,matching comparison: size_mismatch; current=152 retail=220
FEA6,func_800888A4,0x800888A4,C_NONMATCHING_UNPROVEN,c,src/field/main/misc.c,659,False,False,,,code_mismatch,280,280,0,,,matching comparison: code_mismatch; relative=0x0 current=27bdffd8 retail=27bdffe0 mask=ffffffff
FEA7,func_800889BC,0x800889BC,C_NONMATCHING_UNPROVEN,c,src/field/main/misc.c,698,False,False,,,size_mismatch,428,420,0,,,matching comparison: size_mismatch; current=420 retail=428
FEA8,FieldScriptWriteCurCameraTarget,0x80090A10,RETAIL_MIPS_MATCH,c,src/field/camera/camera_movement.c,395,False,False,,,match,132,132,18,,,normalized instructions and relocation targets match
FEA9,FieldScriptWriteCurCameraPosition,0x80090A94,RETAIL_MIPS_MATCH,c,src/field/camera/camera_movement.c,404,False,False,,,match,132,132,18,,,normalized instructions and relocation targets match
FEAA,func_8008DB2C,0x8008DB2C,C_NONMATCHING_UNPROVEN,c,src/field/main/misc.c,2490,False,False,,,code_mismatch,60,60,1,,,matching comparison: code_mismatch; relative=0x10 current=3c040000 retail=3c030000 mask=ffff0000
FEAB,FieldScriptVMHandlerIncreasePartyGearHp,0x8008DC74,RETAIL_MIPS_MATCH,c,src/field/main/misc.c,2528,False,False,,,match,248,248,16,,,normalized instructions and relocation targets match
FEAC,FieldScriptVMHandlerDecreasePartyGearHp,0x8008DD6C,RETAIL_MIPS_MATCH,c,src/field/main/misc.c,2545,False,False,,,match,248,248,16,,,normalized instructions and relocation targets match
FEAD,FieldScriptVMHandlerWritePartyMemberHp,0x80096B58,RETAIL_MIPS_MATCH,c,src/field/party/stats.c,75,False,False,,,match,232,232,18,,,normalized instructions and relocation targets match
FEAE,func_80096AF4,0x80096AF4,C_NONMATCHING_UNPROVEN,c,src/field/party/stats.c,67,False,False,,,code_mismatch,100,100,7,,,matching comparison: code_mismatch; relative=0x30 current=3c040000 retail=3c030000 mask=ffff0000
FEAF,func_8008800C,0x8008800C,C_NONMATCHING_UNPROVEN,c,src/field/main/misc.c,438,False,False,,,size_mismatch,396,420,0,,,matching comparison: size_mismatch; current=420 retail=396
FEB0,func_8008AACC,0x8008AACC,PORT_OVERRIDE_UNPROVEN,c,src/field/main/misc.c,1317,False,False,,,size_mismatch,540,520,0,XENO_PC_PORT,,native conditional body replaces retail fallback; current=520 retail=540
FEB1,func_80087FD4,0x80087FD4,RETAIL_MIPS_MATCH,c,src/field/main/misc.c,433,False,False,,,match,56,56,3,,,normalized instructions and relocation targets match
FEB2,FieldScriptVMHandlerSetPartyMemberHp,0x80096D28,RETAIL_MIPS_MATCH,c,src/field/party/stats.c,96,False,False,,,match,248,248,17,,,normalized instructions and relocation targets match
FEB3,FieldScriptVMHandlerSetPartyMemberMp,0x80096E20,RETAIL_MIPS_MATCH,c,src/field/party/stats.c,112,False,False,,,match,248,248,17,,,normalized instructions and relocation targets match
FEB4,FieldScriptVMHandlerWritePartyMemberMp,0x80096C40,RETAIL_MIPS_MATCH,c,src/field/party/stats.c,85,False,False,,,match,232,232,18,,,normalized instructions and relocation targets match
FEB5,func_80087FA4,0x80087FA4,C_NONMATCHING_UNPROVEN,c,src/field/main/misc.c,428,False,False,,,size_mismatch,48,44,0,,,matching comparison: size_mismatch; current=44 retail=48
FEB6,func_80087E98,0x80087E98,C_NONMATCHING_UNPROVEN,c,src/field/main/misc.c,400,False,False,,,size_mismatch,268,280,0,,,matching comparison: size_mismatch; current=280 retail=268
FEB7,func_80087E5C,0x80087E5C,C_NONMATCHING_UNPROVEN,c,src/field/main/misc.c,389,False,False,,,code_mismatch,60,60,1,,,matching comparison: code_mismatch; relative=0x10 current=3c040000 retail=3c030000 mask=ffff0000
FEB8,func_80087DE0,0x80087DE0,RETAIL_MIPS_MATCH,c,src/field/main/misc.c,377,False,False,,,match,124,124,12,,,normalized instructions and relocation targets match
FEB9,func_80087B5C,0x80087B5C,C_NONMATCHING_UNPROVEN,c,src/field/main/misc.c,330,False,False,,,size_mismatch,176,148,0,,,matching comparison: size_mismatch; current=148 retail=176
FEBA,func_80087C34,0x80087C34,C_NONMATCHING_UNPROVEN,c,src/field/main/misc.c,350,False,False,,,size_mismatch,252,244,0,,,matching comparison: size_mismatch; current=244 retail=252
FEBB,func_80087D30,0x80087D30,RETAIL_MIPS_MATCH,c,src/field/main/misc.c,364,False,False,,,match,80,80,6,,,normalized instructions and relocation targets match
FEBC,func_80087D80,0x80087D80,C_NONMATCHING_UNPROVEN,c,src/field/main/misc.c,369,False,False,,,size_mismatch,96,104,0,,,matching comparison: size_mismatch; current=104 retail=96
FEBD,func_80088B68,0x80088B68,C_NONMATCHING_UNPROVEN,c,src/field/main/misc.c,772,False,False,,,size_mismatch,180,160,0,,,matching comparison: size_mismatch; current=160 retail=180
FEBE,func_80087C0C,0x80087C0C,RETAIL_MIPS_MATCH,c,src/field/main/misc.c,345,False,False,,,match,40,40,4,,,normalized instructions and relocation targets match
FEBF,func_80087848,0x80087848,RETAIL_MIPS_MATCH,c,src/field/main/misc.c,269,False,False,,,match,280,280,38,,,normalized instructions and relocation targets match
FEC0,func_80087800,0x80087800,RETAIL_MIPS_MATCH,c,src/field/main/misc.c,253,False,False,,,match,72,72,6,,,normalized instructions and relocation targets match
FEC1,func_80088508,0x80088508,C_NONMATCHING_UNPROVEN,c,src/field/main/misc.c,575,False,False,,,size_mismatch,276,280,0,,,matching comparison: size_mismatch; current=280 retail=276
FEC2,func_80088674,0x80088674,C_NONMATCHING_UNPROVEN,c,src/field/main/misc.c,623,False,False,,,size_mismatch,284,288,0,,,matching comparison: size_mismatch; current=288 retail=284
FEC3,func_8009E014,0x8009E014,RETAIL_MIPS_MATCH,c,src/field/main/misc6.c,197,False,False,,,match,44,44,2,,,normalized instructions and relocation targets match
FEC4,func_8009DF78,0x8009DF78,RETAIL_MIPS_MATCH,c,src/field/main/misc6.c,186,False,False,,,match,156,156,6,,,normalized instructions and relocation targets match
FEC5,func_80086F7C,0x80086F7C,RETAIL_MIPS_MATCH,c,src/field/main/misc.c,69,False,False,,,match,84,84,4,,,normalized instructions and relocation targets match
FEC6,func_8008BC80,0x8008BC80,C_NONMATCHING_UNPROVEN,c,src/field/main/misc.c,1767,False,False,,,size_mismatch,344,320,0,,,matching comparison: size_mismatch; current=320 retail=344
FEC7,func_800882B8,0x800882B8,C_NONMATCHING_UNPROVEN,c,src/field/main/misc.c,523,False,False,,,size_mismatch,168,160,0,,,matching comparison: size_mismatch; current=160 retail=168
FEC8,func_80088CF8,0x80088CF8,RETAIL_MIPS_MATCH,c,src/field/main/misc.c,812,False,False,,,match,32,32,1,,,normalized instructions and relocation targets match
FEC9,func_80088D18,0x80088D18,RETAIL_MIPS_MATCH,c,src/field/main/misc.c,816,False,False,,,match,32,32,1,,,normalized instructions and relocation targets match
FECA,func_800A0EE8,0x800A0EE8,C_NONMATCHING_UNPROVEN,c,src/field/main/misc6.c,1364,False,False,,,size_mismatch,240,236,0,,,matching comparison: size_mismatch; current=236 retail=240
FECB,func_800A0EB0,0x800A0EB0,RETAIL_MIPS_MATCH,c,src/field/main/misc6.c,1354,False,False,,,match,56,56,8,,,normalized instructions and relocation targets match
FECC,func_800A0E54,0x800A0E54,RETAIL_MIPS_MATCH,c,src/field/main/misc6.c,1343,False,False,,,match,92,92,9,,,normalized instructions and relocation targets match
FECD,func_800A0DFC,0x800A0DFC,RETAIL_MIPS_MATCH,c,src/field/main/misc6.c,1336,False,False,,,match,88,88,5,,,normalized instructions and relocation targets match
FECE,func_800A0DC0,0x800A0DC0,C_NONMATCHING_UNPROVEN,c,src/field/main/misc6.c,1331,False,False,,,code_mismatch,60,60,1,,,matching comparison: code_mismatch; relative=0x10 current=3c040000 retail=3c030000 mask=ffff0000
FECF,func_80093888,0x80093888,RETAIL_MIPS_MATCH,c,src/field/main/misc11.c,877,False,False,,,match,168,168,19,,,normalized instructions and relocation targets match
FED0,func_8008764C,0x8008764C,C_NONMATCHING_UNPROVEN,c,src/field/main/misc.c,220,False,False,,,size_mismatch,436,344,0,,,matching comparison: size_mismatch; current=344 retail=436
FED1,func_8008754C,0x8008754C,RETAIL_MIPS_MATCH,c,src/field/main/misc.c,209,False,False,,,match,52,52,4,,,normalized instructions and relocation targets match
FED2,func_8008752C,0x8008752C,RETAIL_MIPS_MATCH,c,src/field/main/misc.c,205,False,False,,,match,32,32,2,,,normalized instructions and relocation targets match
FED3,func_80087420,0x80087420,RETAIL_MIPS_MATCH,c,src/field/main/misc.c,175,False,False,,,match,268,268,12,,,normalized instructions and relocation targets match
FED4,func_80086FD0,0x80086FD0,RETAIL_MIPS_MATCH,c,src/field/main/misc.c,74,False,False,,,match,376,376,27,,,normalized instructions and relocation targets match
FED5,func_80087960,0x80087960,RETAIL_MIPS_MATCH,c,src/field/main/misc.c,287,False,False,,,match,112,112,10,,,normalized instructions and relocation targets match
FED6,func_800879D0,0x800879D0,RETAIL_MIPS_MATCH,c,src/field/main/misc.c,293,False,False,,,match,112,112,10,,,normalized instructions and relocation targets match
FED7,func_80087AB8,0x80087AB8,C_NONMATCHING_UNPROVEN,c,src/field/main/misc.c,313,False,False,,,size_mismatch,164,152,0,,,matching comparison: size_mismatch; current=152 retail=164
FED8,func_80087A40,0x80087A40,C_NONMATCHING_UNPROVEN,c,src/field/main/misc.c,301,False,False,,,code_mismatch,60,60,2,,,matching comparison: code_mismatch; relative=0x8 current=3c020000 retail=3c030000 mask=ffff0000
FED9,func_80087A7C,0x80087A7C,C_NONMATCHING_UNPROVEN,c,src/field/main/misc.c,308,False,False,,,code_mismatch,60,60,2,,,matching comparison: code_mismatch; relative=0x8 current=3c020000 retail=3c030000 mask=ffff0000
FEDA,func_80093790,0x80093790,RETAIL_MIPS_MATCH,c,src/field/main/misc11.c,846,False,False,,,match,80,80,12,,,normalized instructions and relocation targets match
FEDB,FieldScriptVMHandlerRestoreCharacterHpAndMp,0x80097200,RETAIL_MIPS_MATCH,c,src/field/party/stats.c,180,False,False,,,match,100,100,5,,,normalized instructions and relocation targets match
FEDC,func_800873C4,0x800873C4,RETAIL_MIPS_MATCH,c,src/field/main/misc.c,170,False,False,,,match,92,92,6,,,normalized instructions and relocation targets match
FEDD,func_800871B0,0x800871B0,C_NONMATCHING_UNPROVEN,c,src/field/main/misc.c,124,False,False,,,size_mismatch,532,508,0,,,matching comparison: size_mismatch; current=508 retail=532
FEDE,func_80087148,0x80087148,C_NONMATCHING_UNPROVEN,c,src/field/main/misc.c,109,False,False,,,size_mismatch,104,112,0,,,matching comparison: size_mismatch; current=112 retail=104
FEDF,func_80086E1C,0x80086E1C,RETAIL_MIPS_MATCH,c,src/field/main/misc.c,41,False,False,,,match,352,352,25,,,normalized instructions and relocation targets match
FEE0,func_80086DE0,0x80086DE0,RETAIL_MIPS_MATCH,c,src/field/main/misc.c,34,False,False,,,match,60,60,6,,,normalized instructions and relocation targets match
FEE1,FieldScriptCopyGear,0x80087580,RETAIL_MIPS_MATCH,c,src/field/main/misc.c,214,False,False,,,match,204,204,6,,,normalized instructions and relocation targets match
FEE2,func_80086D4C,0x80086D4C,RETAIL_MIPS_MATCH,c,src/field/main/misc8.c,3481,False,False,,,match,64,64,5,,,normalized instructions and relocation targets match
